,Delta,Theta,Alpha,Beta,Gamma
0,-20.72326583694641,-20.72326583694641,-20.72326583694641,-20.72326583694641,-20.72326583694641
,Delta,Theta,Alpha,Beta,Gamma
0,-20.72326583694641,-20.72326583694641,-20.72326583694641,-20.72326583694641,-20.72326583694641
,Delta,Theta,Alpha,Beta,Gamma
0,-20.72326583694641,-20.72326583694641,-20.72326583694641,-20.72326583694641,-20.72326583694641
,Delta,Theta,Alpha,Beta,Gamma
0,-20.72326583694641,-20.72326583694641,-20.72326583694641,-20.72326583694641,-20.72326583694641
,Delta,Theta,Alpha,Beta,Gamma
0,-20.72326583694641,-20.72326583694641,-20.72326583694641,-20.72326583694641,-20.72326583694641
,Delta,Theta,Alpha,Beta,Gamma
0,-20.72326583694641,-20.72326583694641,-20.72326583694641,-20.72326583694641,-20.72326583694641
,Delta,Theta,Alpha,Beta,Gamma
0,22.4389714147757,22.12503856330574,21.61523441207318,21.296391900672084,19.130502752849125
,Delta,Theta,Alpha,Beta,Gamma
0,22.4389714147757,22.12503856330574,21.61523441207318,21.296391900672084,19.130502752849125
,Delta,Theta,Alpha,Beta,Gamma
0,20.656915965836177,21.266532210408997,21.519126229061577,21.472349555721152,19.722641826687372
,Delta,Theta,Alpha,Beta,Gamma
0,20.656915965836177,21.266532210408997,21.519126229061577,21.472349555721152,19.722641826687372
,Delta,Theta,Alpha,Beta,Gamma
0,20.587375155671232,21.20242949185134,21.694354333339213,21.017790077887327,19.517307334237366
,Delta,Theta,Alpha,Beta,Gamma
0,20.66062311443453,21.158580977223167,21.704535069012366,21.16927580603265,19.769445363739614
,Delta,Theta,Alpha,Beta,Gamma
0,21.364084963301615,21.75259148915489,21.74522851913226,21.151467133865378,19.49585673841888
,Delta,Theta,Alpha,Beta,Gamma
0,20.72986093248998,21.515703056529894,21.645862344521003,21.348102961321587,19.652698864158676
,Delta,Theta,Alpha,Beta,Gamma
0,21.205843708764952,21.61683593186429,21.34133683741259,21.324119934178857,19.663142292301636
,Delta,Theta,Alpha,Beta,Gamma
0,21.94035823621344,21.90731203757843,21.523838200165287,21.114125679764307,19.502025642265032
,Delta,Theta,Alpha,Beta,Gamma
0,22.315390135380625,22.046672049397777,22.031435809879746,21.3190532893583,19.352456406815577
,Delta,Theta,Alpha,Beta,Gamma
0,22.19556357609771,21.901247767984895,22.027526534728995,21.30498932036956,19.220391417268168
,Delta,Theta,Alpha,Beta,Gamma
0,20.42002448576106,21.31878366067844,22.00198247363102,21.368761658194735,19.572691946125733
,Delta,Theta,Alpha,Beta,Gamma
0,20.122398190742768,21.154603038293693,22.03557903663111,21.59825814995071,19.95817241943921
,Delta,Theta,Alpha,Beta,Gamma
0,20.11510006338247,21.16318189844302,21.327773950391617,21.484211927159112,19.86150822236347
,Delta,Theta,Alpha,Beta,Gamma
0,19.875332476474604,21.066620105592612,21.39496068750595,21.521884090959986,19.86931660655505
,Delta,Theta,Alpha,Beta,Gamma
0,20.04129082462852,21.76872693724612,21.92988734186282,21.701033251632914,19.911401652912417
,Delta,Theta,Alpha,Beta,Gamma
0,20.320830644222504,22.130250495756698,21.850123786659083,21.393260567040397,19.507249865595476
,Delta,Theta,Alpha,Beta,Gamma
0,21.2051370004446,21.96577224369038,21.66350229090825,21.350420989519158,19.411981597715076
,Delta,Theta,Alpha,Beta,Gamma
0,20.74053573398955,21.694045007889073,22.02499881515341,21.581365628225548,19.713720568990176
,Delta,Theta,Alpha,Beta,Gamma
0,20.437048440045743,21.514946067090975,21.740056534066753,21.51387235234447,19.60771625224087
,Delta,Theta,Alpha,Beta,Gamma
0,21.248947145246845,21.865750942380586,21.594934870620612,21.221842516860352,19.252859381851568
,Delta,Theta,Alpha,Beta,Gamma
0,20.822960731549415,21.598105033950475,21.183917168498866,21.20818760593378,19.65550874739333
,Delta,Theta,Alpha,Beta,Gamma
0,20.55729673586037,21.418235716397582,21.33452012952324,21.53142710972563,20.006332851046828
,Delta,Theta,Alpha,Beta,Gamma
0,21.06511330096696,21.604437723888427,21.472375641888846,21.15278521605893,19.47011622372352
,Delta,Theta,Alpha,Beta,Gamma
0,20.81841460495984,21.336247060372454,21.320278162521404,21.05571283181508,19.53240199428409
,Delta,Theta,Alpha,Beta,Gamma
0,26.086009369445446,24.59631521324261,24.47807810367838,22.07550569044755,19.611190826323522
,Delta,Theta,Alpha,Beta,Gamma
0,26.132352993037912,24.831319086130865,24.509223651401854,22.087025429981,19.538919862943466
,Delta,Theta,Alpha,Beta,Gamma
0,25.03722612615495,23.71905443772267,23.21126393531917,20.968787122575826,18.585563207979632
,Delta,Theta,Alpha,Beta,Gamma
0,25.294562698580176,23.8664248428653,23.263032463162336,20.9224271912043,18.5902928006494
,Delta,Theta,Alpha,Beta,Gamma
0,20.688475200742566,21.78814450782857,22.444283113285145,20.630824457226,18.691469229957086
,Delta,Theta,Alpha,Beta,Gamma
0,20.95512865036827,21.9663902339407,22.646976211888912,20.431757555267446,18.45328640338363
,Delta,Theta,Alpha,Beta,Gamma
0,23.021517466521534,22.526507604926625,21.51465003621129,20.270677420047285,18.491197993321887
,Delta,Theta,Alpha,Beta,Gamma
0,22.400761903531638,22.276727123562683,21.591854181643583,20.563319543408802,18.701889558795944
,Delta,Theta,Alpha,Beta,Gamma
0,23.95088452221772,23.04312524804508,22.279646935225124,21.46206963667991,19.22980916363336
,Delta,Theta,Alpha,Beta,Gamma
0,24.578476554923704,23.21869528229168,22.388874073941995,21.068872032373648,18.86460610376797
,Delta,Theta,Alpha,Beta,Gamma
0,24.622907106248995,22.888091951385427,21.84671457257908,21.35716269831434,19.220743235519656
,Delta,Theta,Alpha,Beta,Gamma
0,23.441329539428057,22.275521011790048,21.613086626968,21.756839909926406,19.87187861379878
,Delta,Theta,Alpha,Beta,Gamma
0,19.723644292735166,21.743653133126635,21.122553505944893,21.420681179521686,19.65756152610038
,Delta,Theta,Alpha,Beta,Gamma
0,20.724168714567814,22.28736803627352,21.079294537376143,21.10731681573451,19.073333193112926
,Delta,Theta,Alpha,Beta,Gamma
0,22.17982941158176,20.876109860991182,21.58369651363934,21.41780381072687,18.746881790877254
,Delta,Theta,Alpha,Beta,Gamma
0,21.475557501491338,20.391595819598855,21.699668909350702,21.572538368366285,19.032126901104142
,Delta,Theta,Alpha,Beta,Gamma
0,23.688364682342634,21.99008732607988,21.68842491060564,21.501476866666145,19.44987611651444
,Delta,Theta,Alpha,Beta,Gamma
0,24.38066044265947,22.491631006296156,21.68367928848951,21.381807077015935,19.3400890335634
,Delta,Theta,Alpha,Beta,Gamma
0,21.428556536334643,21.095042553023738,21.47215873994189,21.270050748711274,19.53187900628742
,Delta,Theta,Alpha,Beta,Gamma
0,23.278460592596623,22.14370945023714,21.542408643055374,21.134227393691212,19.26105529175634
,Delta,Theta,Alpha,Beta,Gamma
0,23.278460592596623,22.14370945023714,21.542408643055374,21.134227393691212,19.26105529175634
,Delta,Theta,Alpha,Beta,Gamma
0,21.191465794252892,21.771343133760695,22.016254587469476,21.48018678296956,19.91114355757533
,Delta,Theta,Alpha,Beta,Gamma
0,21.191465794252892,21.771343133760695,22.016254587469476,21.48018678296956,19.91114355757533
,Delta,Theta,Alpha,Beta,Gamma
0,23.81717116426704,21.913637972066326,21.601280358855135,21.707872474048397,19.810437090233965
,Delta,Theta,Alpha,Beta,Gamma
0,23.81717116426704,21.913637972066326,21.601280358855135,21.707872474048397,19.810437090233965
,Delta,Theta,Alpha,Beta,Gamma
0,20.71515579590349,20.664265783809967,21.523122487452554,21.75198833837274,19.90313140253997
,Delta,Theta,Alpha,Beta,Gamma
0,20.71515579590349,20.664265783809967,21.523122487452554,21.75198833837274,19.90313140253997
,Delta,Theta,Alpha,Beta,Gamma
0,21.650020582574516,22.10765187115436,21.838161369002144,21.370140454744966,19.589545383161326
,Delta,Theta,Alpha,Beta,Gamma
0,21.650020582574516,22.10765187115436,21.838161369002144,21.370140454744966,19.589545383161326
,Delta,Theta,Alpha,Beta,Gamma
0,21.62125722587446,21.900215334214373,21.58045005140671,21.78149093605589,19.938522507583016
,Delta,Theta,Alpha,Beta,Gamma
0,21.62125722587446,21.900215334214373,21.58045005140671,21.78149093605589,19.938522507583016
,Delta,Theta,Alpha,Beta,Gamma
0,24.720512548368117,23.13781578583183,22.182280898892007,21.719053535683926,19.631033279038853
,Delta,Theta,Alpha,Beta,Gamma
0,24.720512548368117,23.13781578583183,22.182280898892007,21.719053535683926,19.631033279038853
,Delta,Theta,Alpha,Beta,Gamma
0,21.011133539440273,21.841007493272848,21.671087147405515,21.970494016603084,20.02061801456044
,Delta,Theta,Alpha,Beta,Gamma
0,21.011133539440273,21.841007493272848,21.671087147405515,21.970494016603084,20.02061801456044
,Delta,Theta,Alpha,Beta,Gamma
0,21.15638514349694,20.41214074913674,21.88438326350421,21.567712129076845,19.53449122971783
,Delta,Theta,Alpha,Beta,Gamma
0,21.15638514349694,20.41214074913674,21.88438326350421,21.567712129076845,19.53449122971783
,Delta,Theta,Alpha,Beta,Gamma
0,24.046915919407798,22.643520668491362,22.56167638511849,22.00331794548792,20.255481945154088
,Delta,Theta,Alpha,Beta,Gamma
0,24.046915919407798,22.643520668491362,22.56167638511849,22.00331794548792,20.255481945154088
,Delta,Theta,Alpha,Beta,Gamma
0,20.669733579789614,21.289887968019485,21.727897135027774,22.06526287233272,20.200853275005876
,Delta,Theta,Alpha,Beta,Gamma
0,20.669733579789614,21.289887968019485,21.727897135027774,22.06526287233272,20.200853275005876
,Delta,Theta,Alpha,Beta,Gamma
0,20.1389589523491,20.620339193578246,22.024512290099942,21.537390175007307,20.023967015664688
,Delta,Theta,Alpha,Beta,Gamma
0,20.1389589523491,20.620339193578246,22.024512290099942,21.537390175007307,20.023967015664688
,Delta,Theta,Alpha,Beta,Gamma
0,25.9146471728967,24.53894062809823,24.56043572117065,21.61482393295799,19.295220004817892
,Delta,Theta,Alpha,Beta,Gamma
0,25.9146471728967,24.53894062809823,24.56043572117065,21.61482393295799,19.295220004817892
,Delta,Theta,Alpha,Beta,Gamma
0,21.816393324211965,18.96630826722108,18.858038421141565,15.95122652081811,13.200200860782422
,Delta,Theta,Alpha,Beta,Gamma
0,21.816393324211965,18.96630826722108,18.858038421141565,15.95122652081811,13.200200860782422
,Delta,Theta,Alpha,Beta,Gamma
0,19.894736231974647,18.775483799229704,18.929457738605684,16.11008548468684,13.313549354633174
,Delta,Theta,Alpha,Beta,Gamma
0,19.894736231974647,18.775483799229704,18.929457738605684,16.11008548468684,13.313549354633174
,Delta,Theta,Alpha,Beta,Gamma
0,18.75746618076663,17.214059696950592,18.414724839670882,16.205024000374816,13.31038017805227
,Delta,Theta,Alpha,Beta,Gamma
0,18.75746618076663,17.214059696950592,18.414724839670882,16.205024000374816,13.31038017805227
,Delta,Theta,Alpha,Beta,Gamma
0,19.21310194743898,18.004345684128396,18.283452763700872,15.75059137878657,13.260938751768379
,Delta,Theta,Alpha,Beta,Gamma
0,19.21310194743898,18.004345684128396,18.283452763700872,15.75059137878657,13.260938751768379
,Delta,Theta,Alpha,Beta,Gamma
0,24.45430160756656,21.923662658436086,20.766437973537315,17.39853458069213,14.656917761501587
,Delta,Theta,Alpha,Beta,Gamma
0,24.45430160756656,21.923662658436086,20.766437973537315,17.39853458069213,14.656917761501587
,Delta,Theta,Alpha,Beta,Gamma
0,27.12205251148708,25.693092827866224,24.85242143338252,22.36149852871545,18.96684551388933
,Delta,Theta,Alpha,Beta,Gamma
0,27.12205251148708,25.693092827866224,24.85242143338252,22.36149852871545,18.96684551388933
,Delta,Theta,Alpha,Beta,Gamma
0,26.884476023737108,25.965421143181374,25.703636011916657,24.248479102682595,20.784669424177793
,Delta,Theta,Alpha,Beta,Gamma
0,26.884476023737108,25.965421143181374,25.703636011916657,24.248479102682595,20.784669424177793
,Delta,Theta,Alpha,Beta,Gamma
0,26.772960318141863,24.573834977276775,25.506212100578267,22.24350873090545,19.56157929786454
,Delta,Theta,Alpha,Beta,Gamma
0,26.772960318141863,24.573834977276775,25.506212100578267,22.24350873090545,19.56157929786454
,Delta,Theta,Alpha,Beta,Gamma
0,24.031406528201074,22.217130533939354,22.52548762897819,22.03993360886527,19.978624491088866
,Delta,Theta,Alpha,Beta,Gamma
0,24.031406528201074,22.217130533939354,22.52548762897819,22.03993360886527,19.978624491088866
,Delta,Theta,Alpha,Beta,Gamma
0,23.634522020276457,21.854148935167927,22.00854083831757,21.350576083398813,19.354796557948774
,Delta,Theta,Alpha,Beta,Gamma
0,23.634522020276457,21.854148935167927,22.00854083831757,21.350576083398813,19.354796557948774
,Delta,Theta,Alpha,Beta,Gamma
0,22.576260289408978,22.14553874206105,22.832964706009655,21.729960070261228,19.79764775212478
,Delta,Theta,Alpha,Beta,Gamma
0,22.576260289408978,22.14553874206105,22.832964706009655,21.729960070261228,19.79764775212478
,Delta,Theta,Alpha,Beta,Gamma
0,20.783889501843284,20.93277142022538,21.886348751107356,21.60459775877509,19.690517634558546
,Delta,Theta,Alpha,Beta,Gamma
0,20.783889501843284,20.93277142022538,21.886348751107356,21.60459775877509,19.690517634558546
,Delta,Theta,Alpha,Beta,Gamma
0,20.828942491717,20.342154820899427,21.785517358756984,21.60776782518341,19.600486086072294
,Delta,Theta,Alpha,Beta,Gamma
0,20.828942491717,20.342154820899427,21.785517358756984,21.60776782518341,19.600486086072294
,Delta,Theta,Alpha,Beta,Gamma
0,19.49995562791622,20.521847145746406,21.472756012487658,21.469318715596934,19.65591695509297
,Delta,Theta,Alpha,Beta,Gamma
0,19.49995562791622,20.521847145746406,21.472756012487658,21.469318715596934,19.65591695509297
,Delta,Theta,Alpha,Beta,Gamma
0,21.661621677698562,20.936202241040604,21.854468636696325,21.372122691547073,19.794904395157744
,Delta,Theta,Alpha,Beta,Gamma
0,21.661621677698562,20.936202241040604,21.854468636696325,21.372122691547073,19.794904395157744
,Delta,Theta,Alpha,Beta,Gamma
0,24.656481426438766,23.737151987824106,24.06797368840191,22.078115748867077,19.68677213455627
,Delta,Theta,Alpha,Beta,Gamma
0,24.656481426438766,23.737151987824106,24.06797368840191,22.078115748867077,19.68677213455627
,Delta,Theta,Alpha,Beta,Gamma
0,21.167688850734706,19.28484421892449,19.70443831316299,16.967426091490196,14.049896078527116
,Delta,Theta,Alpha,Beta,Gamma
0,21.167688850734706,19.28484421892449,19.70443831316299,16.967426091490196,14.049896078527116
,Delta,Theta,Alpha,Beta,Gamma
0,26.181602889279894,24.962114289582708,24.41198368217356,22.080066688583535,19.43829039296645
,Delta,Theta,Alpha,Beta,Gamma
0,26.181602889279894,24.962114289582708,24.41198368217356,22.080066688583535,19.43829039296645
,Delta,Theta,Alpha,Beta,Gamma
0,21.710134164119637,22.258483841250165,21.453358029178418,20.842264436273858,19.45078832640458
,Delta,Theta,Alpha,Beta,Gamma
0,21.710134164119637,22.258483841250165,21.453358029178418,20.842264436273858,19.45078832640458
,Delta,Theta,Alpha,Beta,Gamma
0,19.892907353777275,22.365438686105755,22.12638975833975,21.722510419816835,19.484127995723465
,Delta,Theta,Alpha,Beta,Gamma
0,19.892907353777275,22.365438686105755,22.12638975833975,21.722510419816835,19.484127995723465
,Delta,Theta,Alpha,Beta,Gamma
0,22.233394139828313,22.848151566498213,21.939903252940734,21.147383891295334,19.390285690172263
,Delta,Theta,Alpha,Beta,Gamma
0,22.233394139828313,22.848151566498213,21.939903252940734,21.147383891295334,19.390285690172263
,Delta,Theta,Alpha,Beta,Gamma
0,21.58839457057003,21.759086480484783,21.948463658823645,21.571233621676956,19.955163459017715
,Delta,Theta,Alpha,Beta,Gamma
0,21.58839457057003,21.759086480484783,21.948463658823645,21.571233621676956,19.955163459017715
,Delta,Theta,Alpha,Beta,Gamma
0,23.229993608288297,23.21636037467097,22.4426865418036,21.284620305221047,19.197163588657794
,Delta,Theta,Alpha,Beta,Gamma
0,23.229993608288297,23.21636037467097,22.4426865418036,21.284620305221047,19.197163588657794
,Delta,Theta,Alpha,Beta,Gamma
0,23.23156206373827,22.564824343244517,21.88115607053801,21.55629132125439,19.665473687948943
,Delta,Theta,Alpha,Beta,Gamma
0,23.23156206373827,22.564824343244517,21.88115607053801,21.55629132125439,19.665473687948943
,Delta,Theta,Alpha,Beta,Gamma
0,20.69060480468998,21.661729360469817,21.64536836400955,21.531897089738465,19.668349857217923
,Delta,Theta,Alpha,Beta,Gamma
0,20.69060480468998,21.661729360469817,21.64536836400955,21.531897089738465,19.668349857217923
,Delta,Theta,Alpha,Beta,Gamma
0,20.201414574538635,21.415317538172147,21.571352406696818,21.644598532928686,19.782042015281263
,Delta,Theta,Alpha,Beta,Gamma
0,20.201414574538635,21.415317538172147,21.571352406696818,21.644598532928686,19.782042015281263
,Delta,Theta,Alpha,Beta,Gamma
0,20.09828209134097,22.1188156065217,22.063473960840717,21.602106358797567,20.082891663767313
,Delta,Theta,Alpha,Beta,Gamma
0,20.09828209134097,22.1188156065217,22.063473960840717,21.602106358797567,20.082891663767313
,Delta,Theta,Alpha,Beta,Gamma
0,20.820598848597246,22.427866569622545,21.398375004019904,21.67243068817403,19.89180086608716
,Delta,Theta,Alpha,Beta,Gamma
0,20.820598848597246,22.427866569622545,21.398375004019904,21.67243068817403,19.89180086608716
,Delta,Theta,Alpha,Beta,Gamma
0,21.78684296473663,22.017203333049057,22.325470400707786,21.905915130562796,19.789338461770463
,Delta,Theta,Alpha,Beta,Gamma
0,21.78684296473663,22.017203333049057,22.325470400707786,21.905915130562796,19.789338461770463
,Delta,Theta,Alpha,Beta,Gamma
0,19.543808650970124,21.330758647963112,22.351229619536223,21.544003333198628,20.061646418361935
,Delta,Theta,Alpha,Beta,Gamma
0,19.543808650970124,21.330758647963112,22.351229619536223,21.544003333198628,20.061646418361935
,Delta,Theta,Alpha,Beta,Gamma
0,20.599617547130308,21.592093213170592,21.69440586111108,21.75439197264634,20.09167522831348
,Delta,Theta,Alpha,Beta,Gamma
0,20.599617547130308,21.592093213170592,21.69440586111108,21.75439197264634,20.09167522831348
,Delta,Theta,Alpha,Beta,Gamma
0,20.27887024371784,21.502004551785006,22.129390259427907,21.75322586857729,19.930716096635585
,Delta,Theta,Alpha,Beta,Gamma
0,20.27887024371784,21.502004551785006,22.129390259427907,21.75322586857729,19.930716096635585
,Delta,Theta,Alpha,Beta,Gamma
0,20.438147392541822,22.08843134745552,21.980202064064024,21.543681485670852,19.580256495775544
,Delta,Theta,Alpha,Beta,Gamma
0,20.438147392541822,22.08843134745552,21.980202064064024,21.543681485670852,19.580256495775544
,Delta,Theta,Alpha,Beta,Gamma
0,19.48661229652448,21.051800299631577,22.11289102364352,21.919174665583395,20.291587644040085
,Delta,Theta,Alpha,Beta,Gamma
0,19.48661229652448,21.051800299631577,22.11289102364352,21.919174665583395,20.291587644040085
,Delta,Theta,Alpha,Beta,Gamma
0,19.52927988619203,21.122908200804563,21.676603995925404,21.993639771318627,19.948079890625763
,Delta,Theta,Alpha,Beta,Gamma
0,19.52927988619203,21.122908200804563,21.676603995925404,21.993639771318627,19.948079890625763
,Delta,Theta,Alpha,Beta,Gamma
0,21.616331846836076,21.51149611531809,22.266719569796596,21.827382426597936,20.54065891724803
,Delta,Theta,Alpha,Beta,Gamma
0,21.616331846836076,21.51149611531809,22.266719569796596,21.827382426597936,20.54065891724803
,Delta,Theta,Alpha,Beta,Gamma
0,22.952739617244855,21.622383611388464,21.58393204527323,21.306656827786995,19.100915513097803
,Delta,Theta,Alpha,Beta,Gamma
0,22.952739617244855,21.622383611388464,21.58393204527323,21.306656827786995,19.100915513097803
,Delta,Theta,Alpha,Beta,Gamma
0,23.258994328391687,21.525063553566945,21.746014020685084,21.781503620837235,19.579650882961978
,Delta,Theta,Alpha,Beta,Gamma
0,23.258994328391687,21.525063553566945,21.746014020685084,21.781503620837235,19.579650882961978
,Delta,Theta,Alpha,Beta,Gamma
0,20.23885233990559,20.0691399655393,21.878964877990953,21.19989893820034,19.943760288940403
,Delta,Theta,Alpha,Beta,Gamma
0,20.23885233990559,20.0691399655393,21.878964877990953,21.19989893820034,19.943760288940403
,Delta,Theta,Alpha,Beta,Gamma
0,25.148651123204843,22.07067914323313,21.968326560628626,21.669039256222256,20.24530276216845
,Delta,Theta,Alpha,Beta,Gamma
0,25.148651123204843,22.07067914323313,21.968326560628626,21.669039256222256,20.24530276216845
,Delta,Theta,Alpha,Beta,Gamma
0,24.964669881402585,23.744473279229357,24.167430544921586,22.60832825123348,20.31963262373824
,Delta,Theta,Alpha,Beta,Gamma
0,24.964669881402585,23.744473279229357,24.167430544921586,22.60832825123348,20.31963262373824
,Delta,Theta,Alpha,Beta,Gamma
0,26.425945469277757,25.410573830350618,23.834789922114417,22.223622577251525,19.99270181761881
,Delta,Theta,Alpha,Beta,Gamma
0,26.425945469277757,25.410573830350618,23.834789922114417,22.223622577251525,19.99270181761881
,Delta,Theta,Alpha,Beta,Gamma
0,23.21585908966854,21.410105135423365,21.73125534596134,22.017510634404488,20.04287055539115
,Delta,Theta,Alpha,Beta,Gamma
0,23.21585908966854,21.410105135423365,21.73125534596134,22.017510634404488,20.04287055539115
,Delta,Theta,Alpha,Beta,Gamma
0,23.10174625272994,22.175494737477408,21.77059299458263,21.594870769476564,19.44794516347389
,Delta,Theta,Alpha,Beta,Gamma
0,23.10174625272994,22.175494737477408,21.77059299458263,21.594870769476564,19.44794516347389
,Delta,Theta,Alpha,Beta,Gamma
0,22.83397954303205,22.410736370268502,22.418727649266536,22.016760531329176,19.98777455008271
,Delta,Theta,Alpha,Beta,Gamma
0,22.83397954303205,22.410736370268502,22.418727649266536,22.016760531329176,19.98777455008271
,Delta,Theta,Alpha,Beta,Gamma
0,23.616964690929706,22.04776158583985,22.5396863037966,21.834717095075195,20.28229129430703
,Delta,Theta,Alpha,Beta,Gamma
0,23.616964690929706,22.04776158583985,22.5396863037966,21.834717095075195,20.28229129430703
,Delta,Theta,Alpha,Beta,Gamma
0,23.37547698571607,22.170148006401817,22.615448432576088,21.683372871006792,19.867403974260704
,Delta,Theta,Alpha,Beta,Gamma
0,23.37547698571607,22.170148006401817,22.615448432576088,21.683372871006792,19.867403974260704
,Delta,Theta,Alpha,Beta,Gamma
0,24.227130106523546,21.54480442727528,21.59257380365995,21.72533569601259,19.634020363264856
,Delta,Theta,Alpha,Beta,Gamma
0,24.227130106523546,21.54480442727528,21.59257380365995,21.72533569601259,19.634020363264856
,Delta,Theta,Alpha,Beta,Gamma
0,22.23578993315793,22.160585864088382,22.034936076483383,21.745887574774038,19.940233560456534
,Delta,Theta,Alpha,Beta,Gamma
0,22.23578993315793,22.160585864088382,22.034936076483383,21.745887574774038,19.940233560456534
,Delta,Theta,Alpha,Beta,Gamma
0,23.494173288261983,22.95701744160175,21.992203532827972,21.66690767942808,19.753022863249207
,Delta,Theta,Alpha,Beta,Gamma
0,23.947088207936748,22.83549824901749,22.0657708677079,21.53254355941251,19.702173144788173
,Delta,Theta,Alpha,Beta,Gamma
0,21.076623519088095,20.538151159533133,21.564357465971597,21.617677138104646,19.52087670846585
,Delta,Theta,Alpha,Beta,Gamma
0,19.771572982053232,20.147576735944433,21.4356097024788,21.91525807518145,19.904302247550092
,Delta,Theta,Alpha,Beta,Gamma
0,23.268750817285387,21.92509862227137,22.05978028762435,22.020959609701084,20.18124541138389
,Delta,Theta,Alpha,Beta,Gamma
0,24.275409111891072,22.286877334323165,22.168885928480684,21.862985951439875,19.866017394176637
,Delta,Theta,Alpha,Beta,Gamma
0,24.84491642912056,22.21679249043027,22.206697795700485,21.833508906553515,19.898299185213567
,Delta,Theta,Alpha,Beta,Gamma
0,24.711647628632825,22.40901266390461,22.367413244868786,21.699955482163045,19.80663005457474
,Delta,Theta,Alpha,Beta,Gamma
0,22.61307410942679,22.22650347405474,22.018662384236492,21.543492623660626,19.44225512332391
,Delta,Theta,Alpha,Beta,Gamma
0,21.773637973522746,21.78555986699722,22.03688024184633,21.853490062910844,19.81713542375295
,Delta,Theta,Alpha,Beta,Gamma
0,21.086932397200748,21.019292792170063,21.9752317284925,21.97670991109564,20.251561526952926
,Delta,Theta,Alpha,Beta,Gamma
0,22.139311973651004,21.471447374607894,22.122813127421843,21.825717990716385,20.087307720086017
,Delta,Theta,Alpha,Beta,Gamma
0,23.633031806644574,21.69620906638164,22.58529171434019,21.824157737370662,20.18910079247656
,Delta,Theta,Alpha,Beta,Gamma
0,22.78400429112865,22.075379184252252,22.514147746443413,21.200426968044127,19.586935322705802
,Delta,Theta,Alpha,Beta,Gamma
0,22.78400429112865,22.075379184252252,22.514147746443413,21.200426968044127,19.586935322705802
,Delta,Theta,Alpha,Beta,Gamma
0,24.199596719910204,22.521460862717447,22.748076690893335,21.774990615501622,19.747683039285207
,Delta,Theta,Alpha,Beta,Gamma
0,24.199596719910204,22.521460862717447,22.748076690893335,21.774990615501622,19.747683039285207
,Delta,Theta,Alpha,Beta,Gamma
0,23.50283815292172,21.828747203753654,22.11796597659348,21.69323665995133,19.456898141484693
,Delta,Theta,Alpha,Beta,Gamma
0,23.50283815292172,21.828747203753654,22.11796597659348,21.69323665995133,19.456898141484693
,Delta,Theta,Alpha,Beta,Gamma
0,23.29918166551987,20.85126906048021,21.99752067843518,21.373522843791683,19.57515501223032
,Delta,Theta,Alpha,Beta,Gamma
0,23.29918166551987,20.85126906048021,21.99752067843518,21.373522843791683,19.57515501223032
,Delta,Theta,Alpha,Beta,Gamma
0,23.91614553237348,21.30761773064667,22.099214474760082,22.15165119713768,19.783835766353427
,Delta,Theta,Alpha,Beta,Gamma
0,23.91614553237348,21.30761773064667,22.099214474760082,22.15165119713768,19.783835766353427
,Delta,Theta,Alpha,Beta,Gamma
0,21.98030789055015,21.506926588143493,22.26097561557103,21.90696181526109,19.9355568899308
,Delta,Theta,Alpha,Beta,Gamma
0,21.98030789055015,21.506926588143493,22.26097561557103,21.90696181526109,19.9355568899308
,Delta,Theta,Alpha,Beta,Gamma
0,26.3593092095249,23.977121747923782,23.630801290415214,21.993885081456085,19.739050147201958
,Delta,Theta,Alpha,Beta,Gamma
0,26.3593092095249,23.977121747923782,23.630801290415214,21.993885081456085,19.739050147201958
,Delta,Theta,Alpha,Beta,Gamma
0,25.83126606233988,25.558767136894975,24.01022698256783,22.13772190969653,19.855458195416787
,Delta,Theta,Alpha,Beta,Gamma
0,25.83126606233988,25.558767136894975,24.01022698256783,22.13772190969653,19.855458195416787
,Delta,Theta,Alpha,Beta,Gamma
0,24.466645562266546,22.908632193324905,22.50886162722965,22.19315888677871,19.987342681628252
,Delta,Theta,Alpha,Beta,Gamma
0,24.466645562266546,22.908632193324905,22.50886162722965,22.19315888677871,19.987342681628252
,Delta,Theta,Alpha,Beta,Gamma
0,23.84987987208443,21.476028622050983,22.204426922496864,21.68306131971115,19.729029952859662
,Delta,Theta,Alpha,Beta,Gamma
0,23.84987987208443,21.476028622050983,22.204426922496864,21.68306131971115,19.729029952859662
,Delta,Theta,Alpha,Beta,Gamma
0,23.030189858201236,20.998303421041477,21.530576757386086,21.886255390294014,20.03078613659638
,Delta,Theta,Alpha,Beta,Gamma
0,23.030189858201236,20.998303421041477,21.530576757386086,21.886255390294014,20.03078613659638
,Delta,Theta,Alpha,Beta,Gamma
0,23.73828292185829,22.41150809900965,22.282283394117037,21.941880918437256,19.586565789845757
,Delta,Theta,Alpha,Beta,Gamma
0,23.73828292185829,22.41150809900965,22.282283394117037,21.941880918437256,19.586565789845757
,Delta,Theta,Alpha,Beta,Gamma
0,23.072582582253673,20.517502468771568,21.61711069029493,21.549514339177485,19.568697572973562
,Delta,Theta,Alpha,Beta,Gamma
0,23.072582582253673,20.517502468771568,21.61711069029493,21.549514339177485,19.568697572973562
,Delta,Theta,Alpha,Beta,Gamma
0,23.00322068957918,20.38261463352117,21.936902169462357,22.013322780235768,19.38387883334239
,Delta,Theta,Alpha,Beta,Gamma
0,23.00322068957918,20.38261463352117,21.936902169462357,22.013322780235768,19.38387883334239
,Delta,Theta,Alpha,Beta,Gamma
0,20.861909089414752,20.078605199415048,21.995303563647777,21.449394761162417,19.397676129430362
,Delta,Theta,Alpha,Beta,Gamma
0,20.861909089414752,20.078605199415048,21.995303563647777,21.449394761162417,19.397676129430362
,Delta,Theta,Alpha,Beta,Gamma
0,22.850154354881013,20.93782901734196,21.808889993966975,21.36124168423345,18.99717492010747
,Delta,Theta,Alpha,Beta,Gamma
0,22.850154354881013,20.93782901734196,21.808889993966975,21.36124168423345,18.99717492010747
,Delta,Theta,Alpha,Beta,Gamma
0,23.06995901699098,21.235398765084575,21.830089883811766,22.073723442759345,20.3276694818151
,Delta,Theta,Alpha,Beta,Gamma
0,23.06995901699098,21.235398765084575,21.830089883811766,22.073723442759345,20.3276694818151
,Delta,Theta,Alpha,Beta,Gamma
0,20.76113546435854,20.62669541031598,21.389002197666162,21.336630010603482,19.53271346868709
,Delta,Theta,Alpha,Beta,Gamma
0,20.76113546435854,20.62669541031598,21.389002197666162,21.336630010603482,19.53271346868709
,Delta,Theta,Alpha,Beta,Gamma
0,22.88145509644012,20.99026058589895,21.919858215874598,21.411936448545823,19.40949128015272
,Delta,Theta,Alpha,Beta,Gamma
0,22.88145509644012,20.99026058589895,21.919858215874598,21.411936448545823,19.40949128015272
,Delta,Theta,Alpha,Beta,Gamma
0,23.199214019992134,21.39437142988671,21.2590278549198,21.302854013436455,19.35527082124478
,Delta,Theta,Alpha,Beta,Gamma
0,23.199214019992134,21.39437142988671,21.2590278549198,21.302854013436455,19.35527082124478
,Delta,Theta,Alpha,Beta,Gamma
0,20.80435057686498,20.54100806259506,21.408189858700176,21.775198816403694,20.460270569223137
,Delta,Theta,Alpha,Beta,Gamma
0,20.80435057686498,20.54100806259506,21.408189858700176,21.775198816403694,20.460270569223137
,Delta,Theta,Alpha,Beta,Gamma
0,21.341090807539572,19.838506605454516,21.460620173728756,21.879031010616117,19.61831184056512
,Delta,Theta,Alpha,Beta,Gamma
0,21.341090807539572,19.838506605454516,21.460620173728756,21.879031010616117,19.61831184056512
,Delta,Theta,Alpha,Beta,Gamma
0,23.944058250137264,21.774853238723335,21.36784114408261,21.274387193520415,19.27283176314978
,Delta,Theta,Alpha,Beta,Gamma
0,23.944058250137264,21.774853238723335,21.36784114408261,21.274387193520415,19.27283176314978
,Delta,Theta,Alpha,Beta,Gamma
0,23.994031008906358,21.180116518352428,21.854744572643302,21.834109717287276,19.512483458440727
,Delta,Theta,Alpha,Beta,Gamma
0,23.994031008906358,21.180116518352428,21.854744572643302,21.834109717287276,19.512483458440727
,Delta,Theta,Alpha,Beta,Gamma
0,21.80556781449458,20.48676763458527,22.165471662569374,21.692600428364557,19.64607294847191
,Delta,Theta,Alpha,Beta,Gamma
0,21.80556781449458,20.48676763458527,22.165471662569374,21.692600428364557,19.64607294847191
,Delta,Theta,Alpha,Beta,Gamma
0,22.599139720192184,21.346598676594777,21.800761087425187,21.897074566691085,19.677814809397947
,Delta,Theta,Alpha,Beta,Gamma
0,22.599139720192184,21.346598676594777,21.800761087425187,21.897074566691085,19.677814809397947
,Delta,Theta,Alpha,Beta,Gamma
0,26.299601928675088,24.17802995508226,24.40806543965786,22.670958626988487,20.565040627694486
,Delta,Theta,Alpha,Beta,Gamma
0,26.299601928675088,24.17802995508226,24.40806543965786,22.670958626988487,20.565040627694486
,Delta,Theta,Alpha,Beta,Gamma
0,22.79768855897219,20.652088235649494,22.2674855547588,21.676254863338443,19.811999492946505
,Delta,Theta,Alpha,Beta,Gamma
0,22.79768855897219,20.652088235649494,22.2674855547588,21.676254863338443,19.811999492946505
,Delta,Theta,Alpha,Beta,Gamma
0,22.976826993169695,20.6730961516788,21.571564605334295,22.07567628880598,19.89383755490979
,Delta,Theta,Alpha,Beta,Gamma
0,22.976826993169695,20.6730961516788,21.571564605334295,22.07567628880598,19.89383755490979
,Delta,Theta,Alpha,Beta,Gamma
0,24.116821254660945,20.843132068440923,21.091910028730158,21.68102689636669,19.967941083649578
,Delta,Theta,Alpha,Beta,Gamma
0,24.116821254660945,20.843132068440923,21.091910028730158,21.68102689636669,19.967941083649578
,Delta,Theta,Alpha,Beta,Gamma
0,23.5941800386191,21.045495651325826,21.76495876272843,21.80242598721088,20.102517178768778
,Delta,Theta,Alpha,Beta,Gamma
0,23.5941800386191,21.045495651325826,21.76495876272843,21.80242598721088,20.102517178768778
,Delta,Theta,Alpha,Beta,Gamma
0,23.192928536185505,22.637042604038683,22.171992088065487,22.0115641335343,19.52935062581546
,Delta,Theta,Alpha,Beta,Gamma
0,23.192928536185505,22.637042604038683,22.171992088065487,22.0115641335343,19.52935062581546
,Delta,Theta,Alpha,Beta,Gamma
0,22.208935518073922,21.31558308259243,21.888379605886673,21.452864990447424,19.587521630208773
,Delta,Theta,Alpha,Beta,Gamma
0,22.208935518073922,21.31558308259243,21.888379605886673,21.452864990447424,19.587521630208773
,Delta,Theta,Alpha,Beta,Gamma
0,22.032447212796278,20.674648410576165,21.93759660512078,21.768407422768774,19.783873120041257
,Delta,Theta,Alpha,Beta,Gamma
0,22.032447212796278,20.674648410576165,21.93759660512078,21.768407422768774,19.783873120041257
,Delta,Theta,Alpha,Beta,Gamma
0,21.619783828510712,20.139680108677748,21.904465887293775,21.543937044489407,19.601260220465782
,Delta,Theta,Alpha,Beta,Gamma
0,21.619783828510712,20.139680108677748,21.904465887293775,21.543937044489407,19.601260220465782
,Delta,Theta,Alpha,Beta,Gamma
0,23.1870842803922,21.121047227676602,22.112546253337534,21.853388286215246,20.14850568258246
,Delta,Theta,Alpha,Beta,Gamma
0,23.1870842803922,21.121047227676602,22.112546253337534,21.853388286215246,20.14850568258246
,Delta,Theta,Alpha,Beta,Gamma
0,21.723227998066815,20.057076317258588,21.769713687117218,22.026479282958213,19.955404607793128
,Delta,Theta,Alpha,Beta,Gamma
0,21.723227998066815,20.057076317258588,21.769713687117218,22.026479282958213,19.955404607793128
,Delta,Theta,Alpha,Beta,Gamma
0,21.777995088360512,20.24812365027556,21.048810183553947,21.81304769407064,20.131880952358173
,Delta,Theta,Alpha,Beta,Gamma
0,21.777995088360512,20.24812365027556,21.048810183553947,21.81304769407064,20.131880952358173
,Delta,Theta,Alpha,Beta,Gamma
0,22.085093773873943,21.263304499395563,21.935520773518505,22.149026955038927,19.864644692499333
,Delta,Theta,Alpha,Beta,Gamma
0,22.085093773873943,21.263304499395563,21.935520773518505,22.149026955038927,19.864644692499333
,Delta,Theta,Alpha,Beta,Gamma
0,22.0011464722535,21.841870053455622,21.865829425032565,21.87651007142672,19.602180178389947
,Delta,Theta,Alpha,Beta,Gamma
0,22.0011464722535,21.841870053455622,21.865829425032565,21.87651007142672,19.602180178389947
,Delta,Theta,Alpha,Beta,Gamma
0,22.167063399995442,21.784199031836135,22.104697591391844,22.078148422762744,19.88459995106144
,Delta,Theta,Alpha,Beta,Gamma
0,22.167063399995442,21.784199031836135,22.104697591391844,22.078148422762744,19.88459995106144
,Delta,Theta,Alpha,Beta,Gamma
0,21.40217315800934,21.61638126491962,21.494132399891722,21.882283005541343,19.250784334514467
,Delta,Theta,Alpha,Beta,Gamma
0,21.40217315800934,21.61638126491962,21.494132399891722,21.882283005541343,19.250784334514467
,Delta,Theta,Alpha,Beta,Gamma
0,19.770515958956388,20.43699236325888,21.181196546392705,21.7346831360533,19.845512432871494
,Delta,Theta,Alpha,Beta,Gamma
0,19.770515958956388,20.43699236325888,21.181196546392705,21.7346831360533,19.845512432871494
,Delta,Theta,Alpha,Beta,Gamma
0,21.77577224913086,21.18481145058728,21.801912945822423,21.715101342936933,19.5543752770962
,Delta,Theta,Alpha,Beta,Gamma
0,21.77577224913086,21.18481145058728,21.801912945822423,21.715101342936933,19.5543752770962
,Delta,Theta,Alpha,Beta,Gamma
0,25.976941421780523,23.742515445256785,23.399067883227076,20.388974599658326,17.914826065499685
,Delta,Theta,Alpha,Beta,Gamma
0,25.976941421780523,23.742515445256785,23.399067883227076,20.388974599658326,17.914826065499685
,Delta,Theta,Alpha,Beta,Gamma
0,22.5426610652229,20.004403636320397,20.353238758803386,17.57680473844765,15.387037702655142
,Delta,Theta,Alpha,Beta,Gamma
0,22.5426610652229,20.004403636320397,20.353238758803386,17.57680473844765,15.387037702655142
,Delta,Theta,Alpha,Beta,Gamma
0,25.020666548311958,22.063720942906386,21.78180651644856,18.331371612661087,15.70644709721438
,Delta,Theta,Alpha,Beta,Gamma
0,25.020666548311958,22.063720942906386,21.78180651644856,18.331371612661087,15.70644709721438
,Delta,Theta,Alpha,Beta,Gamma
0,25.765838476777745,25.215278336534958,23.95231808904115,22.479773712771024,19.30645644205319
,Delta,Theta,Alpha,Beta,Gamma
0,25.765838476777745,25.215278336534958,23.95231808904115,22.479773712771024,19.30645644205319
,Delta,Theta,Alpha,Beta,Gamma
0,24.01983429369558,22.428348890752773,21.44363116950226,21.09121605909342,18.318290294416222
,Delta,Theta,Alpha,Beta,Gamma
0,24.01983429369558,22.428348890752773,21.44363116950226,21.09121605909342,18.318290294416222
,Delta,Theta,Alpha,Beta,Gamma
0,22.0891171130351,20.892435988156958,21.204394248408274,20.727046582648796,18.27486180835689
,Delta,Theta,Alpha,Beta,Gamma
0,22.0891171130351,20.892435988156958,21.204394248408274,20.727046582648796,18.27486180835689
,Delta,Theta,Alpha,Beta,Gamma
0,25.405218737821016,24.222544807399203,23.47679341469856,21.133992341089623,18.789043356527287
,Delta,Theta,Alpha,Beta,Gamma
0,25.405218737821016,24.222544807399203,23.47679341469856,21.133992341089623,18.789043356527287
,Delta,Theta,Alpha,Beta,Gamma
0,24.911199639004394,24.199135253143602,22.56648069814728,21.662024022819523,19.53385932070013
,Delta,Theta,Alpha,Beta,Gamma
0,24.911199639004394,24.199135253143602,22.56648069814728,21.662024022819523,19.53385932070013
,Delta,Theta,Alpha,Beta,Gamma
0,23.701173664429668,22.346679699474826,22.325724587153744,21.21620070345034,19.003921304586815
,Delta,Theta,Alpha,Beta,Gamma
0,23.701173664429668,22.346679699474826,22.325724587153744,21.21620070345034,19.003921304586815
,Delta,Theta,Alpha,Beta,Gamma
0,22.402639009470406,22.16069087773322,22.065082122080312,21.425937690187396,19.708547858454544
,Delta,Theta,Alpha,Beta,Gamma
0,22.402639009470406,22.16069087773322,22.065082122080312,21.425937690187396,19.708547858454544
