1.000000	0.317017	-0.151733	0.949585	0.740124	0.762552	-7.296576	1758133731.521789	0.000000
1.000000	0.312073	-0.142639	0.954163	0.897120	0.867216	-7.117152	1758133731.540909	0.000000
1.000000	0.301880	-0.149658	0.955933	0.889644	1.263444	-6.548976	1758133731.560029	0.000000
2.000000	0.300415	-0.146912	0.953308	1.016736	1.898904	-5.674284	1758133731.580056	0.000000
2.000000	0.291992	-0.146667	0.953796	1.009260	2.332512	-4.493076	1758133731.600084	0.000000
2.000000	0.286560	-0.151367	0.953430	0.755076	2.287656	-3.005352	1758133731.620112	0.000000
3.000000	0.282043	-0.154602	0.944946	0.156996	2.085804	-1.607340	1758133731.639936	0.000000
3.000000	0.285706	-0.156677	0.948914	-0.306516	1.801716	-0.426132	1758133731.659760	0.000000
3.000000	0.287231	-0.164795	0.947876	-0.560700	1.943760	0.201852	1758133731.679584	0.000000
4.000000	0.289062	-0.166809	0.950500	-0.717696	2.040948	0.583128	1758133731.700731	0.000000
4.000000	0.292603	-0.160828	0.949707	-0.680316	1.839096	0.822360	1758133731.721878	0.000000
4.000000	0.295837	-0.156982	0.951904	-0.672840	1.487724	0.583128	1758133731.743025	0.000000
5.000000	0.297729	-0.160217	0.950989	-0.672840	1.741908	0.082236	1758133731.744200	0.000000
5.000000	0.298340	-0.153259	0.949524	-0.777504	2.138136	-0.568176	1758133731.745375	0.000000
5.000000	0.302002	-0.154053	0.950928	-0.627984	2.422224	-0.986832	1758133731.746550	0.000000
6.000000	0.302063	-0.153076	0.949463	-0.448560	2.631552	-1.338204	1758133731.765625	0.000000
6.000000	0.298828	-0.152710	0.953369	-0.545748	2.504460	-1.263444	1758133731.784698	0.000000
6.000000	0.299500	-0.153015	0.956116	-0.665364	2.549316	-1.285872	1758133731.803773	0.000000
7.000000	0.300171	-0.152161	0.951416	-0.919548	2.474556	-1.113924	1758133731.823320	0.000000
7.000000	0.298218	-0.158142	0.946045	-1.031688	2.444652	-0.949452	1758133731.842867	0.000000
7.000000	0.297424	-0.155273	0.955872	-1.001784	2.377368	-0.665364	1758133731.862415	0.000000
8.000000	0.302795	-0.153015	0.949768	-0.897120	2.085804	-0.470988	1758133731.882877	0.000000
8.000000	0.297363	-0.150513	0.955566	-0.762552	1.958712	-0.284088	1758133731.903340	0.000000
8.000000	0.300903	-0.152710	0.954468	-0.650412	2.108232	-0.082236	1758133731.923802	0.000000
9.000000	0.297424	-0.154175	0.951660	-0.463512	1.891428	-0.261660	1758133731.943372	0.000000
9.000000	0.298767	-0.147888	0.955688	-0.388752	1.584912	-0.336420	1758133731.962942	0.000000
9.000000	0.301575	-0.151978	0.952393	-0.201852	1.517628	-0.366324	1758133731.982511	0.000000
10.000000	0.296082	-0.151550	0.954712	-0.299040	1.741908	-0.194376	1758133732.002478	0.000000
10.000000	0.303894	-0.153320	0.957581	-0.291564	1.906380	-0.134568	1758133732.022444	0.000000
10.000000	0.298218	-0.151550	0.952515	-0.321468	2.138136	-0.037380	1758133732.042411	0.000000
11.000000	0.293945	-0.156433	0.951477	-0.388752	2.377368	0.186900	1758133732.066738	0.000000
11.000000	0.289551	-0.156311	0.959351	-0.254184	2.504460	0.000000	1758133732.091065	0.000000
11.000000	0.292847	-0.154175	0.957092	-0.127092	2.766120	-0.418656	1758133732.115391	0.000000
12.000000	0.296570	-0.158813	0.950623	-0.321468	3.281964	-0.351372	1758133732.125301	0.000000
12.000000	0.297668	-0.152954	0.954102	-0.613032	2.908164	-0.366324	1758133732.135211	0.000000
12.000000	0.294739	-0.161438	0.952332	-0.747600	2.362416	-0.545748	1758133732.145120	0.000000
13.000000	0.302002	-0.152893	0.949097	-0.590604	2.197944	-1.255968	1758133732.160130	0.000000
13.000000	0.304199	-0.152527	0.953064	-0.284088	2.534364	-1.973664	1758133732.175141	0.000000
13.000000	0.305603	-0.153198	0.957214	-0.403704	3.005352	-1.674624	1758133732.190151	0.000000
14.000000	0.290100	-0.155945	0.951416	-0.598080	2.818452	-0.904596	1758133732.220146	0.000000
14.000000	0.291626	-0.153748	0.950623	-0.882168	2.265228	0.231756	1758133732.250141	0.000000
14.000000	0.292419	-0.152832	0.954041	-0.635460	2.422224	1.136352	1758133732.280136	0.000000
15.000000	0.290100	-0.155945	0.951416	-0.366324	2.384844	1.569960	1758133732.295110	0.000000
15.000000	0.291626	-0.153748	0.950623	-0.014952	1.846572	1.913856	1758133732.310085	0.000000
15.000000	0.292419	-0.152832	0.954041	-0.014952	1.502676	1.846572	1758133732.325059	0.000000
16.000000	0.285156	-0.156372	0.953308	0.067284	1.883952	1.913856	1758133732.336214	0.000000
16.000000	0.293396	-0.151917	0.952209	0.306516	2.115708	1.472772	1758133732.347369	0.000000
16.000000	0.297363	-0.154297	0.947510	0.171948	2.265228	1.330728	1758133732.358524	0.000000
17.000000	0.298462	-0.153931	0.951355	0.037380	2.220372	1.069068	1758133732.377971	0.000000
17.000000	0.300781	-0.156311	0.952332	-0.059808	2.347464	0.807408	1758133732.397419	0.000000
17.000000	0.299133	-0.157227	0.955139	-0.239232	2.467080	0.239232	1758133732.416866	0.000000
18.000000	0.300903	-0.155823	0.955872	-0.470988	2.332512	-0.568176	1758133732.436172	0.000000
18.000000	0.298157	-0.157104	0.956055	-0.545748	2.347464	-1.128876	1758133732.455478	0.000000
18.000000	0.302917	-0.153076	0.949402	-0.650412	2.212896	-1.323252	1758133732.474784	0.000000
19.000000	0.302490	-0.159241	0.949463	-0.687792	2.175516	-1.412964	1758133732.499691	0.000000
19.000000	0.300720	-0.154480	0.948792	-1.024212	2.310084	-1.278396	1758133732.524598	0.000000
19.000000	0.294189	-0.157837	0.954651	-0.904596	2.526888	-1.001784	1758133732.549505	0.000000
20.000000	0.291748	-0.151978	0.949341	-0.388752	2.743692	-0.912072	1758133732.564738	0.000000
20.000000	0.293152	-0.151978	0.959961	-0.037380	2.923116	-0.545748	1758133732.579971	0.000000
20.000000	0.293823	-0.155579	0.961121	0.037380	3.177300	-0.276612	1758133732.595204	0.000000
21.000000	0.298523	-0.148010	0.953430	-0.104664	3.027780	-0.104664	1758133732.610450	0.000000
21.000000	0.293091	-0.152588	0.949158	-0.224280	2.796024	-0.171948	1758133732.625695	0.000000
21.000000	0.299194	-0.150696	0.949463	-0.246708	2.646504	-0.022428	1758133732.640941	0.000000
22.000000	0.301208	-0.159119	0.950195	0.127092	2.272704	-0.246708	1758133732.665557	0.000000
22.000000	0.305908	-0.152527	0.951599	0.231756	2.295132	-0.373800	1758133732.690172	0.000000
22.000000	0.302612	-0.156311	0.951477	0.142044	2.407272	-0.104664	1758133732.714788	0.000000
23.000000	0.302368	-0.149170	0.958191	0.097188	2.182992	-0.119616	1758133732.729829	0.000000
23.000000	0.294189	-0.157043	0.956604	-0.171948	1.308300	0.104664	1758133732.744870	0.000000
23.000000	0.304199	-0.154480	0.951294	-0.209328	1.255968	0.022428	1758133732.759911	0.000000
24.000000	0.300110	-0.153992	0.950012	-0.441084	1.764336	0.179424	1758133732.785146	0.000000
24.000000	0.296387	-0.158081	0.946472	-0.687792	2.138136	0.291564	1758133732.810380	0.000000
24.000000	0.300476	-0.156067	0.951416	-0.934500	2.721264	0.224280	1758133732.835614	0.000000
25.000000	0.294678	-0.160522	0.951050	-0.657888	3.050208	-0.029904	1758133732.846272	0.000000
25.000000	0.290283	-0.156189	0.949951	-0.560700	2.803500	0.014952	1758133732.856930	0.000000
25.000000	0.291809	-0.152527	0.954468	-0.523320	2.242800	0.112140	1758133732.867588	0.000000
26.000000	0.298584	-0.155884	0.957153	-0.695268	1.794240	0.007476	1758133732.886714	0.000000
26.000000	0.296692	-0.154175	0.947876	-0.897120	1.786764	-0.306516	1758133732.905841	0.000000
26.000000	0.297729	-0.157898	0.950745	-0.799932	1.988616	-0.598080	1758133732.924967	0.000000
27.000000	0.304321	-0.154053	0.949890	-0.859740	2.205420	-0.553224	1758133732.944959	0.000000
27.000000	0.300720	-0.156311	0.952698	-0.897120	2.511936	-0.695268	1758133732.964950	0.000000
27.000000	0.298401	-0.152100	0.957886	-0.964404	2.392320	-0.784980	1758133732.984941	0.000000
28.000000	0.309509	-0.150757	0.939941	-0.956928	1.846572	-1.009260	1758133733.004963	0.000000
28.000000	0.296936	-0.146790	0.948120	-1.054116	1.136352	-1.061592	1758133733.024985	0.000000
28.000000	0.290771	-0.142822	0.955383	-0.762552	1.203636	-1.203636	1758133733.045007	0.000000
29.000000	0.309509	-0.150757	0.939941	-0.396228	1.981140	-1.375584	1758133733.065885	0.000000
29.000000	0.296936	-0.146790	0.948120	0.456036	2.781072	-1.966188	1758133733.086763	0.000000
29.000000	0.290771	-0.142822	0.955383	1.226064	2.945544	-1.869000	1758133733.107641	0.000000
30.000000	0.293335	-0.143188	0.961060	1.315776	3.581004	-0.874692	1758133733.122360	0.000000
30.000000	0.286621	-0.151001	0.960388	1.188684	2.743692	0.373800	1758133733.137078	0.000000
30.000000	0.287781	-0.146057	0.960388	0.650412	0.575652	1.637244	1758133733.151796	0.000000
31.000000	0.296265	-0.158569	0.955811	0.261660	1.009260	2.414748	1758133733.171471	0.000000
31.000000	0.288391	-0.155579	0.948181	0.082236	2.683884	2.639028	1758133733.191147	0.000000
31.000000	0.285278	-0.159973	0.950806	-0.156996	3.409056	2.631552	1758133733.210822	0.000000
32.000000	0.298157	-0.160522	0.948853	-0.186900	3.386628	1.913856	1758133733.230711	0.000000
32.000000	0.317444	-0.154297	0.940735	-0.194376	3.274488	1.368108	1758133733.250600	0.000000
32.000000	0.303650	-0.149231	0.948547	-0.142044	2.721264	0.882168	1758133733.270489	0.000000
33.000000	0.298157	-0.160522	0.948853	0.418656	2.145612	0.000000	1758133733.290490	0.000000
33.000000	0.317444	-0.154297	0.940735	0.134568	1.719480	-0.134568	1758133733.310491	0.000000
33.000000	0.303650	-0.149231	0.948547	-0.059808	2.003568	-0.261660	1758133733.330491	0.000000
34.000000	0.304321	-0.158264	0.946411	-0.500892	2.100756	-0.209328	1758133733.350558	0.000000
34.000000	0.294617	-0.150696	0.955078	-0.882168	1.741908	0.343896	1758133733.370624	0.000000
34.000000	0.287476	-0.155640	0.955078	-0.807408	2.182992	0.755076	1758133733.390690	0.000000
35.000000	0.286865	-0.155762	0.948792	-0.441084	2.818452	0.732648	1758133733.405457	0.000000
35.000000	0.287842	-0.157104	0.952759	-0.224280	3.252060	0.755076	1758133733.420224	0.000000
35.000000	0.295593	-0.145813	0.963989	0.239232	3.356724	0.194376	1758133733.434991	0.000000
36.000000	0.302979	-0.154419	0.945190	-0.134568	3.431484	0.351372	1758133733.455224	0.000000
36.000000	0.311096	-0.158630	0.951843	-0.142044	3.244584	0.336420	1758133733.475458	0.000000
36.000000	0.306030	-0.155945	0.950562	-0.097188	3.065160	-0.022428	1758133733.495691	0.000000
37.000000	0.302795	-0.151428	0.954041	0.201852	2.908164	-0.448560	1758133733.515589	0.000000
37.000000	0.300415	-0.163818	0.947998	0.538272	2.810976	-0.583128	1758133733.535487	0.000000
37.000000	0.310974	-0.160339	0.943726	0.261660	2.519412	-0.299040	1758133733.555386	0.000000
38.000000	0.302795	-0.151428	0.954041	-0.156996	1.861524	-0.022428	1758133733.575479	0.000000
38.000000	0.300415	-0.163818	0.947998	-0.254184	1.712004	-0.239232	1758133733.595573	0.000000
38.000000	0.310974	-0.160339	0.943726	-0.553224	2.115708	-0.366324	1758133733.615667	0.000000
39.000000	0.313293	-0.160339	0.950684	-0.919548	2.325036	-0.164472	1758133733.631830	0.000000
39.000000	0.309326	-0.155701	0.954285	-1.158780	2.310084	0.269136	1758133733.647994	0.000000
39.000000	0.298157	-0.159912	0.947388	-1.113924	2.362416	0.403704	1758133733.664157	0.000000
40.000000	0.293884	-0.156616	0.948242	-1.016736	2.272704	0.201852	1758133733.682883	0.000000
40.000000	0.295105	-0.156494	0.959167	-0.725172	2.325036	-0.321468	1758133733.701609	0.000000
40.000000	0.302063	-0.157166	0.954712	-0.717696	2.459604	-0.784980	1758133733.720334	0.000000
41.000000	0.291565	-0.149902	0.953918	-0.702744	2.511936	-0.814884	1758133733.740351	0.000000
41.000000	0.291809	-0.154907	0.952454	-0.500892	2.272704	-0.755076	1758133733.760367	0.000000
41.000000	0.292542	-0.158020	0.956665	-0.194376	2.108232	-0.321468	1758133733.780384	0.000000
42.000000	0.291565	-0.149902	0.953918	-0.119616	2.287656	0.284088	1758133733.795271	0.000000
42.000000	0.291809	-0.154907	0.952454	-0.134568	2.945544	0.433608	1758133733.810158	0.000000
42.000000	0.292542	-0.158020	0.956665	-0.074760	3.364200	0.328944	1758133733.825045	0.000000
43.000000	0.292603	-0.154236	0.954346	-0.201852	3.341772	0.201852	1758133733.845188	0.000000
43.000000	0.299927	-0.156311	0.949463	0.044856	2.773596	-0.201852	1758133733.865331	0.000000
43.000000	0.303406	-0.152893	0.955261	0.112140	2.310084	-0.897120	1758133733.885474	0.000000
44.000000	0.308533	-0.151978	0.954224	0.059808	2.212896	-1.861524	1758133733.910346	0.000000
44.000000	0.311646	-0.157227	0.954163	-0.149520	2.601648	-2.085804	1758133733.935219	0.000000
44.000000	0.314880	-0.154175	0.950195	-0.463512	2.885736	-2.280180	1758133733.960091	0.000000
45.000000	0.309509	-0.155273	0.952271	-0.859740	2.810976	-2.257752	1758133733.970961	0.000000
45.000000	0.303406	-0.162659	0.956604	-1.143828	2.257752	-2.474556	1758133733.981831	0.000000
45.000000	0.305237	-0.158081	0.950134	-1.009260	1.883952	-2.788548	1758133733.992701	0.000000
46.000000	0.309998	-0.160095	0.946411	-1.203636	2.055900	-2.788548	1758133734.011863	0.000000
46.000000	0.311646	-0.152710	0.945312	-1.315776	2.571744	-2.713788	1758133734.031025	0.000000
46.000000	0.299805	-0.157898	0.949829	-1.398012	2.287656	-2.534364	1758133734.050187	0.000000
47.000000	0.296875	-0.155334	0.944641	-1.405488	2.205420	-2.698836	1758133734.070261	0.000000
47.000000	0.287415	-0.153931	0.953369	-1.487724	2.235324	-2.242800	1758133734.090335	0.000000
47.000000	0.282349	-0.153076	0.953796	-1.450344	2.482032	-1.592388	1758133734.110408	0.000000
48.000000	0.291748	-0.156677	0.946106	-1.203636	2.437176	-1.128876	1758133734.130367	0.000000
48.000000	0.302124	-0.154663	0.947083	-1.263444	2.250276	-0.837312	1758133734.150326	0.000000
48.000000	0.291931	-0.154907	0.952698	-1.285872	2.302608	-0.755076	1758133734.170284	0.000000
49.000000	0.291748	-0.156677	0.946106	-1.383060	2.609124	-0.545748	1758133734.191020	0.000000
49.000000	0.302124	-0.154663	0.947083	-0.956928	2.878260	-0.964404	1758133734.211755	0.000000
49.000000	0.291931	-0.154907	0.952698	-0.814884	2.893212	-0.986832	1758133734.232491	0.000000
50.000000	0.297546	-0.152527	0.959900	-1.039164	2.399796	-1.203636	1758133734.247257	0.000000
50.000000	0.297363	-0.154297	0.961914	-0.986832	1.697052	-1.846572	1758133734.262022	0.000000
50.000000	0.312012	-0.152222	0.954590	-1.001784	1.241016	-1.898904	1758133734.276788	0.000000
51.000000	0.315796	-0.150330	0.948120	-0.934500	1.061592	-1.779288	1758133734.296436	0.000000
51.000000	0.303589	-0.154419	0.945557	-0.747600	1.143828	-1.794240	1758133734.316083	0.000000
51.000000	0.302917	-0.147888	0.955444	-0.777504	1.263444	-1.487724	1758133734.335730	0.000000
52.000000	0.289551	-0.144958	0.951538	-0.575652	1.450344	-1.270920	1758133734.355622	0.000000
52.000000	0.289612	-0.155823	0.951904	-0.493416	1.876476	-0.919548	1758133734.375515	0.000000
52.000000	0.293945	-0.152832	0.955322	-0.568176	1.749384	-0.799932	1758133734.395406	0.000000
53.000000	0.289551	-0.144958	0.951538	-0.770028	1.607340	-0.837312	1758133734.415399	0.000000
53.000000	0.289612	-0.155823	0.951904	-0.904596	1.532580	-0.874692	1758133734.435391	0.000000
53.000000	0.293945	-0.152832	0.955322	-0.949452	1.442868	-0.941976	1758133734.455383	0.000000
54.000000	0.299194	-0.149048	0.950989	-0.515844	1.569960	-1.203636	1758133734.476535	0.000000
54.000000	0.293030	-0.156250	0.949402	-0.299040	1.951236	-0.799932	1758133734.497688	0.000000
54.000000	0.289917	-0.150085	0.955322	-0.411180	1.996092	-0.627984	1758133734.518840	0.000000
55.000000	0.287964	-0.150269	0.966431	-0.717696	1.816668	-0.650412	1758133734.532702	0.000000
55.000000	0.294067	-0.155212	0.958984	-1.076544	1.697052	-0.433608	1758133734.546564	0.000000
55.000000	0.296387	-0.156677	0.949890	-1.308300	2.003568	-0.328944	1758133734.560426	0.000000
56.000000	0.291748	-0.159180	0.950989	-1.084020	2.377368	-0.201852	1758133734.580336	0.000000
56.000000	0.294067	-0.154114	0.951233	-0.732648	2.302608	-0.082236	1758133734.600246	0.000000
56.000000	0.288513	-0.150879	0.957031	-0.725172	2.205420	-0.089712	1758133734.620157	0.000000
57.000000	0.293762	-0.151733	0.954529	-0.837312	2.332512	-0.119616	1758133734.640433	0.000000
57.000000	0.293030	-0.150635	0.953674	-0.897120	2.429700	-0.156996	1758133734.660710	0.000000
57.000000	0.295044	-0.150696	0.954224	-0.672840	2.302608	-0.523320	1758133734.680986	0.000000
58.000000	0.293762	-0.151733	0.954529	-0.605556	1.891428	-0.657888	1758133734.695669	0.000000
58.000000	0.293030	-0.150635	0.953674	-0.613032	1.637244	-0.822360	1758133734.710351	0.000000
58.000000	0.295044	-0.150696	0.954224	-0.321468	1.599864	-0.807408	1758133734.725034	0.000000
59.000000	0.303589	-0.151672	0.954529	-0.052332	1.898904	-0.381276	1758133734.755237	0.000000
59.000000	0.296875	-0.146484	0.955017	0.142044	2.115708	-0.029904	1758133734.785439	0.000000
59.000000	0.290283	-0.148621	0.957886	0.134568	2.250276	0.156996	1758133734.815642	0.000000
60.000000	0.287720	-0.148865	0.956055	0.209328	2.197944	0.112140	1758133734.825658	0.000000
60.000000	0.291260	-0.145813	0.950989	0.171948	2.018520	0.269136	1758133734.835673	0.000000
60.000000	0.293945	-0.149414	0.953613	0.074760	1.936284	0.246708	1758133734.845688	0.000000
61.000000	0.291870	-0.153870	0.954590	-0.119616	1.958712	0.149520	1758133734.865568	0.000000
61.000000	0.293030	-0.151428	0.957458	-0.216804	1.846572	-0.112140	1758133734.885448	0.000000
61.000000	0.297363	-0.152527	0.954102	-0.216804	1.592388	-0.112140	1758133734.905329	0.000000
62.000000	0.294556	-0.154175	0.949646	-0.029904	1.300824	-0.104664	1758133734.920227	0.000000
62.000000	0.291382	-0.147705	0.950134	0.014952	1.398012	-0.097188	1758133734.935126	0.000000
62.000000	0.290100	-0.152771	0.947571	-0.171948	1.913856	-0.224280	1758133734.950025	0.000000
63.000000	0.286133	-0.152649	0.954163	-0.112140	2.526888	-0.313992	1758133734.970198	0.000000
63.000000	0.286743	-0.150513	0.958069	-0.231756	2.818452	-0.142044	1758133734.990372	0.000000
63.000000	0.292175	-0.151306	0.954590	-0.411180	3.199728	-0.082236	1758133735.010545	0.000000
64.000000	0.298645	-0.151611	0.951965	-0.635460	3.169824	-0.074760	1758133735.035480	0.000000
64.000000	0.309204	-0.134583	0.962585	-1.106448	3.184776	0.149520	1758133735.060415	0.000000
64.000000	0.317322	-0.119080	0.968323	-0.777504	3.528672	-0.276612	1758133735.085350	0.000000
65.000000	0.334045	-0.105530	0.987183	0.022428	4.747260	-0.284088	1758133735.105363	0.000000
65.000000	0.302673	-0.102783	0.998108	1.704528	3.767904	1.540056	1758133735.125376	0.000000
65.000000	0.251465	-0.100159	0.961548	3.835188	-0.478464	6.010704	1758133735.145390	0.000000
66.000000	0.334045	-0.105530	0.987183	5.405148	-4.037040	11.610228	1758133735.160872	0.000000
66.000000	0.302673	-0.102783	0.998108	7.259196	-5.031348	17.344320	1758133735.176355	0.000000
66.000000	0.251465	-0.100159	0.961548	9.389856	-3.618384	23.691444	1758133735.191838	0.000000
67.000000	0.200134	-0.164612	0.952942	12.327924	-1.203636	27.818196	1758133735.206388	0.000000
67.000000	0.259277	-0.185059	0.936523	13.583892	2.310084	28.625604	1758133735.220940	0.000000
67.000000	0.324951	-0.214233	0.928162	12.731628	6.930252	25.059552	1758133735.235491	0.000000
68.000000	0.384460	-0.226990	0.913147	9.180528	11.370996	18.944184	1758133735.255491	0.000000
68.000000	0.421387	-0.230591	0.915833	4.380936	13.516608	11.266332	1758133735.275491	0.000000
68.000000	0.444580	-0.223145	0.921753	-0.560700	12.163452	3.281964	1758133735.295491	0.000000
69.000000	0.384460	-0.226990	0.913147	-4.956588	8.036700	-4.141704	1758133735.316160	0.000000
69.000000	0.421387	-0.230591	0.915833	-7.909608	3.453912	-10.025316	1758133735.336829	0.000000
69.000000	0.444580	-0.223145	0.921753	-9.068388	-0.426132	-13.785744	1758133735.357498	0.000000
70.000000	0.445923	-0.200562	0.932983	-8.597400	-4.051992	-15.639792	1758133735.377266	0.000000
70.000000	0.423950	-0.173401	0.955566	-6.892872	-6.646164	-15.355704	1758133735.397034	0.000000
70.000000	0.396179	-0.158325	0.962280	-4.694928	-7.573188	-13.531560	1758133735.416803	0.000000
71.000000	0.349976	-0.137817	0.964844	-2.624076	-7.019964	-10.406592	1758133735.431301	0.000000
71.000000	0.306702	-0.127502	0.968201	0.082236	-5.479908	-6.833064	1758133735.445799	0.000000
71.000000	0.258545	-0.119019	0.967407	3.042732	-3.678192	-3.274488	1758133735.460297	0.000000
72.000000	0.227905	-0.117065	0.959839	5.861184	-1.562484	-0.239232	1758133735.480293	0.000000
72.000000	0.211304	-0.117432	0.967896	7.999320	0.014952	2.168040	1758133735.500289	0.000000
72.000000	0.210876	-0.118286	0.965149	10.002888	0.186900	3.618384	1758133735.520285	0.000000
73.000000	0.279602	-0.162537	0.946472	10.877580	0.299040	4.500552	1758133735.540490	0.000000
73.000000	0.289551	-0.177856	0.959961	11.273808	0.022428	4.522980	1758133735.560696	0.000000
73.000000	0.309387	-0.193604	0.955811	11.146716	-1.226064	4.410840	1758133735.580901	0.000000
74.000000	0.279602	-0.162537	0.946472	10.556112	-2.541840	3.558576	1758133735.600852	0.000000
74.000000	0.289551	-0.177856	0.959961	8.724492	-2.848356	2.504460	1758133735.620803	0.000000
74.000000	0.309387	-0.193604	0.955811	6.683544	-2.624076	1.457820	1758133735.640754	0.000000
75.000000	0.284546	-0.218567	0.938171	4.874352	-1.854048	0.568176	1758133735.655609	0.000000
75.000000	0.277588	-0.213867	0.934143	3.214680	-0.941976	-0.186900	1758133735.670464	0.000000
75.000000	0.261841	-0.212280	0.934143	1.637244	0.216804	-1.173732	1758133735.685319	0.000000
76.000000	0.248718	-0.209656	0.937378	0.321468	1.966188	-1.741908	1758133735.705321	0.000000
76.000000	0.258179	-0.200562	0.938843	-0.941976	3.865092	-1.607340	1758133735.725323	0.000000
76.000000	0.281067	-0.190430	0.948059	-1.771812	5.008920	-1.846572	1758133735.745324	0.000000
77.000000	0.279724	-0.188660	0.953613	-1.958712	5.322912	-2.212896	1758133735.765343	0.000000
77.000000	0.283936	-0.187561	0.953064	-1.839096	5.113584	-2.182992	1758133735.785362	0.000000
77.000000	0.290527	-0.180786	0.950745	-1.607340	4.410840	-2.078328	1758133735.805380	0.000000
78.000000	0.279724	-0.188660	0.953613	-1.487724	3.438960	-1.569960	1758133735.825385	0.000000
78.000000	0.283936	-0.187561	0.953064	-0.964404	2.310084	-1.084020	1758133735.845390	0.000000
78.000000	0.290527	-0.180786	0.950745	-0.598080	1.158780	-0.478464	1758133735.865394	0.000000
79.000000	0.289673	-0.181519	0.948853	-0.104664	0.680316	0.306516	1758133735.881496	0.000000
79.000000	0.293152	-0.180969	0.957275	0.224280	0.949452	1.196160	1758133735.897598	0.000000
79.000000	0.286560	-0.185181	0.956604	0.194376	1.495200	2.377368	1758133735.913700	0.000000
80.000000	0.273071	-0.192688	0.953247	0.119616	1.734432	2.691360	1758133735.932628	0.000000
80.000000	0.272461	-0.192688	0.954285	0.000000	1.951236	2.728740	1758133735.951557	0.000000
80.000000	0.287048	-0.187561	0.954956	-0.284088	2.556792	2.407272	1758133735.970486	0.000000
81.000000	0.281860	-0.188843	0.950684	-0.201852	2.967972	1.368108	1758133735.990385	0.000000
81.000000	0.288879	-0.182251	0.953735	-0.201852	2.616600	0.456036	1758133736.010284	0.000000
81.000000	0.292358	-0.181274	0.960999	0.142044	2.033472	-0.747600	1758133736.030183	0.000000
82.000000	0.281860	-0.188843	0.950684	0.844788	1.338204	-1.368108	1758133736.050223	0.000000
82.000000	0.288879	-0.182251	0.953735	1.009260	0.897120	-1.136352	1758133736.070263	0.000000
82.000000	0.292358	-0.181274	0.960999	0.904596	0.762552	-0.799932	1758133736.090303	0.000000
83.000000	0.276733	-0.187683	0.961853	0.164472	1.383060	-0.082236	1758133736.105340	0.000000
83.000000	0.268311	-0.189941	0.953186	-0.598080	1.846572	0.044856	1758133736.120377	0.000000
83.000000	0.273132	-0.195679	0.940613	-1.495200	0.321468	0.328944	1758133736.135414	0.000000
84.000000	0.268555	-0.197815	0.960083	-2.011044	1.181208	-0.044856	1758133736.160459	0.000000
84.000000	0.267517	-0.202454	0.943298	-1.996092	2.272704	-1.031688	1758133736.185504	0.000000
84.000000	0.275940	-0.195435	0.944397	-1.891428	2.280180	-1.913856	1758133736.210549	0.000000
85.000000	0.280518	-0.175537	0.974792	-1.450344	1.712004	-2.893212	1758133736.225286	0.000000
85.000000	0.278442	-0.173828	0.954346	-0.927024	1.158780	-2.706312	1758133736.240022	0.000000
85.000000	0.277588	-0.160034	0.963440	0.007476	0.254184	-2.048424	1758133736.254759	0.000000
86.000000	0.242493	-0.150024	0.956604	0.949452	-0.485940	-0.485940	1758133736.275040	0.000000
86.000000	0.236145	-0.161255	0.968872	2.646504	-1.173732	1.472772	1758133736.295320	0.000000
86.000000	0.230103	-0.172058	0.972351	4.724832	-0.635460	4.111800	1758133736.315601	0.000000
87.000000	0.248840	-0.185852	0.950989	6.571404	-0.508368	6.137796	1758133736.330523	0.000000
87.000000	0.258362	-0.191284	0.957520	7.999320	-0.261660	7.102200	1758133736.345446	0.000000
87.000000	0.264832	-0.207764	0.932251	8.096508	0.912072	7.348908	1758133736.360368	0.000000
88.000000	0.269836	-0.218750	0.944824	8.066604	1.771812	6.451788	1758133736.380334	0.000000
88.000000	0.255676	-0.246155	0.945618	8.799252	2.310084	5.674284	1758133736.400299	0.000000
88.000000	0.278320	-0.253052	0.939758	8.545068	3.020304	5.412624	1758133736.420265	0.000000
89.000000	0.269836	-0.218750	0.944824	6.758304	3.379152	3.648288	1758133736.441120	0.000000
89.000000	0.255676	-0.246155	0.945618	3.992184	3.498768	0.022428	1758133736.461975	0.000000
89.000000	0.278320	-0.253052	0.939758	0.411180	4.993968	-4.007136	1758133736.482830	0.000000
90.000000	0.300293	-0.255188	0.909668	-3.364200	4.964064	-8.657208	1758133736.497693	0.000000
90.000000	0.306091	-0.266174	0.909668	-6.975108	4.627644	-12.230736	1758133736.512557	0.000000
90.000000	0.325317	-0.254089	0.914124	-8.702064	4.485600	-15.086568	1758133736.527420	0.000000
91.000000	0.332520	-0.250977	0.909790	-9.337524	4.119276	-15.475320	1758133736.546636	0.000000
91.000000	0.335266	-0.234924	0.937988	-10.129980	1.973664	-15.422988	1758133736.565851	0.000000
91.000000	0.309814	-0.237427	0.957703	-11.535468	-0.351372	-14.682864	1758133736.585067	0.000000
92.000000	0.295227	-0.232178	0.956909	-13.733412	-0.485940	-14.353920	1758133736.610193	0.000000
92.000000	0.294922	-0.231750	0.933044	-16.267776	-0.403704	-15.729504	1758133736.635319	0.000000
92.000000	0.290894	-0.228943	0.957764	-18.233964	-0.500892	-17.568600	1758133736.660445	0.000000
93.000000	0.301270	-0.209473	0.959351	-20.319768	-1.846572	-17.650836	1758133736.675421	0.000000
93.000000	0.304199	-0.190674	0.936462	-21.112224	-3.992184	-17.411604	1758133736.690398	0.000000
93.000000	0.296692	-0.175537	0.955017	-22.652280	-5.988276	-14.966952	1758133736.705374	0.000000
94.000000	0.292114	-0.172302	0.956238	-25.104408	-5.771472	-10.623396	1758133736.725554	0.000000
94.000000	0.258789	-0.161987	0.964172	-28.169568	-3.745476	-4.455696	1758133736.745733	0.000000
94.000000	0.227356	-0.166687	0.944397	-32.258940	-2.706312	4.089372	1758133736.765913	0.000000
95.000000	0.177429	-0.169250	0.936890	-35.294196	-0.695268	11.610228	1758133736.780792	0.000000
95.000000	0.133606	-0.191040	0.936523	-38.665872	1.981140	17.538696	1758133736.795670	0.000000
95.000000	0.128296	-0.192078	0.932373	-42.179592	5.778948	22.271004	1758133736.810548	0.000000
96.000000	0.145142	-0.180664	0.941589	-44.848524	9.479568	23.571828	1758133736.830263	0.000000
96.000000	0.168335	-0.180298	0.927490	-46.261488	14.555772	22.555092	1758133736.849977	0.000000
96.000000	0.202698	-0.144958	0.948792	-47.016564	14.174496	20.917848	1758133736.869692	0.000000
97.000000	0.318054	0.001648	0.978577	-47.629596	11.916744	19.990824	1758133736.889894	0.000000
97.000000	0.339600	0.031799	0.978455	-47.554836	10.167360	17.067708	1758133736.910097	0.000000
97.000000	0.323242	0.059509	0.989197	-45.715740	6.803160	12.806388	1758133736.930300	0.000000
98.000000	0.276672	0.080872	0.985657	-42.680484	1.883952	10.414068	1758133736.950545	0.000000
98.000000	0.256714	0.107300	1.000732	-39.144336	-1.577436	10.436496	1758133736.970791	0.000000
98.000000	0.254211	0.136536	1.009521	-35.062440	-2.138136	9.890748	1758133736.991037	0.000000
99.000000	0.276672	0.080872	0.985657	-30.868404	-2.055900	8.066604	1758133737.006935	0.000000
99.000000	0.256714	0.107300	1.000732	-26.233284	-2.287656	6.840540	1758133737.022833	0.000000
99.000000	0.254211	0.136536	1.009521	-20.618808	-3.760428	7.162008	1758133737.038731	0.000000
100.000000	0.204529	0.174255	1.032715	-14.667912	-3.782856	9.075864	1758133737.057615	0.000000
100.000000	0.239502	0.187805	1.026794	-8.432928	-1.607340	9.457140	1758133737.076499	0.000000
100.000000	0.233398	0.174011	1.025208	-1.637244	-0.725172	8.141364	1758133737.095384	0.000000
101.000000	0.235107	0.159668	1.029602	4.687452	0.515844	7.685328	1758133737.115350	0.000000
101.000000	0.249329	0.144104	1.000000	9.509472	2.526888	6.937728	1758133737.135316	0.000000
101.000000	0.251526	0.120117	0.980347	12.477444	3.431484	5.607000	1758133737.155282	0.000000
102.000000	0.235107	0.159668	1.029602	13.957692	1.046640	4.448220	1758133737.175136	0.000000
102.000000	0.249329	0.144104	1.000000	14.570724	-2.018520	3.371676	1758133737.194991	0.000000
102.000000	0.251526	0.120117	0.980347	14.638008	-3.371676	2.123184	1758133737.214845	0.000000
103.000000	0.255493	0.087463	0.976624	13.262424	-3.491292	1.816668	1758133737.230205	0.000000
103.000000	0.272217	0.078186	0.986023	10.533684	-4.866876	2.384844	1758133737.245564	0.000000
103.000000	0.259949	0.067688	0.973755	6.825588	-4.283748	3.917424	1758133737.260923	0.000000
104.000000	0.241028	0.042725	0.958008	3.827712	-1.024212	5.008920	1758133737.281922	0.000000
104.000000	0.235657	0.026611	0.947388	0.642936	2.691360	6.182652	1758133737.302920	0.000000
104.000000	0.215210	0.032349	0.966125	-2.975448	3.962280	7.057344	1758133737.323919	0.000000
105.000000	0.208740	0.033691	0.965271	-5.995752	6.623736	6.840540	1758133737.343424	0.000000
105.000000	0.225464	0.031860	0.956421	-10.436496	8.739444	7.184436	1758133737.362928	0.000000
105.000000	0.262512	0.029602	0.940369	-12.671820	9.345000	5.502336	1758133737.382433	0.000000
106.000000	0.265991	0.046265	0.955811	-14.368872	11.071956	4.029564	1758133737.406775	0.000000
106.000000	0.275574	0.046570	0.933533	-14.660436	9.666468	4.306176	1758133737.431117	0.000000
106.000000	0.291626	0.080200	0.965881	-14.518392	9.098292	6.182652	1758133737.455459	0.000000
107.000000	0.280945	0.089355	0.975647	-12.492396	8.074080	6.840540	1758133737.465429	0.000000
107.000000	0.253845	0.091919	0.966492	-9.449664	3.401580	7.700280	1758133737.475398	0.000000
107.000000	0.259338	0.125244	0.999878	-6.025656	0.837312	7.476000	1758133737.485367	0.000000
108.000000	0.264343	0.172119	1.004333	-2.377368	0.904596	5.891088	1758133737.505505	0.000000
108.000000	0.250977	0.146851	0.984558	0.605556	-1.009260	6.070512	1758133737.525642	0.000000
108.000000	0.260132	0.155945	0.999268	2.070852	-2.123184	7.304052	1758133737.545779	0.000000
109.000000	0.264343	0.172119	1.004333	2.452128	-3.812760	7.281624	1758133737.566345	0.000000
109.000000	0.250977	0.146851	0.984558	2.317560	-4.694928	6.272364	1758133737.586910	0.000000
109.000000	0.260132	0.155945	0.999268	2.295132	-4.836972	4.567836	1758133737.607476	0.000000
110.000000	0.249329	0.142151	1.004578	3.267012	-3.648288	2.212896	1758133737.626782	0.000000
110.000000	0.235107	0.142212	1.012695	5.472432	-0.478464	0.156996	1758133737.646089	0.000000
110.000000	0.218201	0.125732	0.981689	7.984368	2.369892	-2.923116	1758133737.665395	0.000000
111.000000	0.249329	0.142151	1.004578	8.918868	3.259536	-3.356724	1758133737.680538	0.000000
111.000000	0.235107	0.142212	1.012695	10.354260	4.612692	-4.844448	1758133737.695681	0.000000
111.000000	0.218201	0.125732	0.981689	11.841984	4.328604	-7.573188	1758133737.710823	0.000000
112.000000	0.202148	0.115173	0.984802	12.260640	2.564268	-8.522640	1758133737.730592	0.000000
112.000000	0.232605	0.119324	0.984314	13.681080	2.982924	-10.414068	1758133737.750362	0.000000
112.000000	0.216614	0.093140	0.972290	14.219352	4.283748	-12.447540	1758133737.770131	0.000000
113.000000	0.223633	0.084900	0.973816	13.195140	3.095064	-12.955908	1758133737.790882	0.000000
113.000000	0.223633	0.090576	1.022766	11.849460	2.878260	-13.995072	1758133737.811633	0.000000
113.000000	0.234863	0.057129	0.953735	9.778608	3.902472	-13.165236	1758133737.832384	0.000000
114.000000	0.233154	0.054138	0.966858	8.470308	5.322912	-11.984028	1758133737.851723	0.000000
114.000000	0.227661	0.042236	0.958923	7.902132	5.577096	-10.810296	1758133737.871061	0.000000
114.000000	0.221008	0.038879	0.984192	7.902132	5.180868	-11.984028	1758133737.890400	0.000000
115.000000	0.221497	0.044617	0.982361	7.692804	5.793900	-13.344660	1758133737.910190	0.000000
115.000000	0.252014	0.048828	0.982239	7.027440	6.018180	-15.632316	1758133737.929980	0.000000
115.000000	0.271362	0.052307	0.981323	6.399456	5.577096	-18.675048	1758133737.949770	0.000000
116.000000	0.298523	0.039551	0.980896	4.941636	5.330388	-19.250700	1758133737.965010	0.000000
116.000000	0.295166	0.033752	0.970886	3.274488	5.390196	-18.091920	1758133737.980250	0.000000
116.000000	0.280701	0.032776	0.952209	1.682100	3.110016	-15.206184	1758133737.995490	0.000000
117.000000	0.222229	0.034668	0.990295	1.353156	1.577436	-11.468184	1758133738.015400	0.000000
117.000000	0.230591	0.036377	0.971863	1.555008	1.405488	-8.971200	1758133738.035310	0.000000
117.000000	0.247192	0.023438	0.962708	1.293348	1.353156	-7.072296	1758133738.055220	0.000000
118.000000	0.222229	0.034668	0.990295	0.194376	1.158780	-5.651856	1758133738.075968	0.000000
118.000000	0.230591	0.036377	0.971863	-1.368108	1.375584	-4.754736	1758133738.096716	0.000000
118.000000	0.247192	0.023438	0.962708	-2.332512	0.777504	-4.351032	1758133738.117465	0.000000
119.000000	0.268799	0.015625	0.961975	-2.354940	0.059808	-4.388412	1758133738.136716	0.000000
119.000000	0.282227	0.014282	0.955078	-2.190468	-0.852264	-5.636904	1758133738.155967	0.000000
119.000000	0.270691	0.008606	0.968750	-1.928808	-1.241016	-6.623736	1758133738.175218	0.000000
120.000000	0.292725	0.025024	0.980225	-1.166256	-1.345680	-7.722708	1758133738.190099	0.000000
120.000000	0.299377	0.025574	0.984131	1.061592	-2.325036	-7.281624	1758133738.204981	0.000000
120.000000	0.311584	0.033752	0.993042	4.126752	-3.730524	-5.023872	1758133738.219862	0.000000
121.000000	0.299927	0.035706	0.997314	8.006796	-5.472432	-1.405488	1758133738.239913	0.000000
121.000000	0.273865	0.032715	1.013062	11.430804	-7.079772	4.051992	1758133738.259964	0.000000
121.000000	0.237366	0.043945	1.029480	14.809956	-7.214340	9.232860	1758133738.280016	0.000000
122.000000	0.202393	0.022583	1.019714	17.329368	-5.651856	12.873672	1758133738.300095	0.000000
122.000000	0.174438	0.008484	1.017090	18.144252	-2.953020	15.819216	1758133738.320174	0.000000
122.000000	0.164917	0.001587	1.016235	17.381700	-0.889644	17.927448	1758133738.340253	0.000000
123.000000	0.153503	-0.019043	1.017761	14.458584	0.874692	18.338628	1758133738.365776	0.000000
123.000000	0.163086	-0.041748	0.999512	9.733752	1.487724	16.753716	1758133738.391299	0.000000
123.000000	0.167847	-0.059692	0.975647	4.238892	1.659672	14.473536	1758133738.416821	0.000000
124.000000	0.194458	-0.070740	0.949219	-0.366324	2.175516	11.946648	1758133738.427493	0.000000
124.000000	0.215576	-0.072693	0.929871	-3.670716	3.222156	9.382380	1758133738.438165	0.000000
124.000000	0.215027	-0.071655	0.942871	-6.548976	3.618384	7.199388	1758133738.448837	0.000000
125.000000	0.222656	-0.060120	0.961548	-9.240336	2.945544	4.186560	1758133738.467675	0.000000
125.000000	0.220947	-0.050293	0.975769	-11.714892	2.302608	1.472772	1758133738.486513	0.000000
125.000000	0.250610	-0.035034	0.955322	-12.769008	2.138136	-0.276612	1758133738.505351	0.000000
126.000000	0.262756	-0.015442	0.957092	-12.641916	1.584912	-1.412964	1758133738.525531	0.000000
126.000000	0.259888	0.001526	0.968811	-11.602752	0.358848	-1.472772	1758133738.545710	0.000000
126.000000	0.256958	0.018066	0.973816	-9.718800	-0.814884	-1.016736	1758133738.565889	0.000000
127.000000	0.249023	0.029968	0.970581	-7.476000	-1.525104	0.089712	1758133738.585746	0.000000
127.000000	0.243652	0.030823	0.989685	-5.457480	-1.562484	0.986832	1758133738.605603	0.000000
127.000000	0.231750	0.040955	0.991150	-3.446436	-0.433608	1.270920	1758133738.625459	0.000000
128.000000	0.220947	0.041382	0.996338	-1.996092	0.687792	1.263444	1758133738.646120	0.000000
128.000000	0.212158	0.044189	1.000061	-0.792456	1.069068	0.986832	1758133738.666780	0.000000
128.000000	0.219421	0.045593	1.008789	-0.007476	1.054116	0.687792	1758133738.687440	0.000000
129.000000	0.228088	0.038818	1.000183	0.874692	1.457820	0.433608	1758133738.707408	0.000000
129.000000	0.232910	0.038635	1.000977	0.979356	3.311868	0.254184	1758133738.727375	0.000000
129.000000	0.228882	0.036926	0.999146	0.852264	2.078328	0.411180	1758133738.747342	0.000000
130.000000	0.228577	0.028564	0.991211	1.136352	0.156996	0.156996	1758133738.771674	0.000000
130.000000	0.209961	0.013306	0.987061	1.076544	-1.031688	0.239232	1758133738.796006	0.000000
130.000000	0.202576	0.017212	0.984619	0.889644	-1.398012	0.463512	1758133738.820338	0.000000
131.000000	0.228577	0.028564	0.991211	0.568176	-2.070852	0.441084	1758133738.830187	0.000000
131.000000	0.209961	0.013306	0.987061	0.029904	-2.564268	-0.052332	1758133738.840035	0.000000
131.000000	0.202576	0.017212	0.984619	-0.336420	-1.525104	-0.904596	1758133738.849885	0.000000
132.000000	0.201721	0.015442	0.996216	-0.456036	0.201852	-1.749384	1758133738.865133	0.000000
132.000000	0.203125	0.018555	0.993713	0.306516	2.429700	-2.519412	1758133738.880380	0.000000
132.000000	0.196045	0.028076	0.981750	0.127092	3.341772	-2.624076	1758133738.895628	0.000000
133.000000	0.201721	0.015442	0.996216	0.515844	4.784640	-2.960496	1758133738.916240	0.000000
133.000000	0.203125	0.018555	0.993713	0.814884	5.853708	-3.528672	1758133738.936851	0.000000
133.000000	0.196045	0.028076	0.981750	0.665364	3.700620	-2.033472	1758133738.957462	0.000000
134.000000	0.197815	0.020691	0.992798	0.770028	1.308300	-0.986832	1758133738.977866	0.000000
134.000000	0.188110	0.013550	0.988159	0.964404	0.941976	-0.014952	1758133738.998270	0.000000
134.000000	0.197083	0.024902	0.976929	1.278396	1.293348	1.069068	1758133739.018674	0.000000
135.000000	0.213684	0.015991	0.984314	1.869000	1.607340	2.025996	1758133739.033204	0.000000
135.000000	0.214172	0.024597	0.999329	2.736216	0.000000	2.414748	1758133739.047734	0.000000
135.000000	0.213318	0.026794	1.005432	3.752952	2.549316	3.095064	1758133739.062265	0.000000
136.000000	0.213806	0.026062	1.000916	5.121060	1.958712	3.132444	1758133739.081639	0.000000
136.000000	0.209045	0.020813	0.989380	6.190128	1.128876	2.691360	1758133739.101013	0.000000
136.000000	0.200989	0.008057	0.993530	7.102200	1.255968	2.175516	1758133739.120387	0.000000
137.000000	0.209045	-0.002808	0.975952	6.810636	1.569960	2.474556	1758133739.140368	0.000000
137.000000	0.215210	-0.010437	0.966919	5.494860	1.607340	1.786764	1758133739.160349	0.000000
137.000000	0.206787	-0.016296	0.971802	3.984708	1.928808	0.844788	1758133739.180330	0.000000
138.000000	0.209045	-0.002808	0.975952	2.377368	2.893212	0.284088	1758133739.201026	0.000000
138.000000	0.215210	-0.010437	0.966919	1.338204	3.252060	-0.485940	1758133739.221722	0.000000
138.000000	0.206787	-0.016296	0.971802	0.665364	3.050208	-0.358848	1758133739.242419	0.000000
139.000000	0.218994	-0.007263	0.972656	0.306516	3.080112	-0.194376	1758133739.257820	0.000000
139.000000	0.220764	-0.008057	0.985229	0.291564	3.394104	0.164472	1758133739.273222	0.000000
139.000000	0.215454	-0.002747	0.986816	0.216804	3.730524	0.216804	1758133739.288624	0.000000
140.000000	0.214661	-0.001770	0.984741	0.186900	3.207204	0.508368	1758133739.307434	0.000000
140.000000	0.216064	-0.001770	0.994446	0.523320	2.257752	0.261660	1758133739.326243	0.000000
140.000000	0.214050	0.007568	0.993469	1.039164	1.786764	-0.171948	1758133739.345052	0.000000
141.000000	0.219604	0.001160	0.991821	0.979356	1.682100	0.171948	1758133739.365114	0.000000
141.000000	0.217773	0.000854	0.993042	1.173732	1.921332	-0.246708	1758133739.385176	0.000000
141.000000	0.224792	-0.003662	0.984192	1.173732	1.629768	-0.717696	1758133739.405238	0.000000
142.000000	0.218445	-0.004089	0.984985	1.293348	1.091496	-1.465296	1758133739.425568	0.000000
142.000000	0.206787	-0.008850	0.987366	1.465296	1.091496	-2.227848	1758133739.445898	0.000000
142.000000	0.203430	-0.009094	0.990662	1.233540	1.652196	-2.085804	1758133739.466228	0.000000
143.000000	0.218445	-0.004089	0.984985	1.390536	2.317560	-2.048424	1758133739.486413	0.000000
143.000000	0.206787	-0.008850	0.987366	1.241016	2.609124	-1.936284	1758133739.506598	0.000000
143.000000	0.203430	-0.009094	0.990662	1.016736	2.504460	-1.824144	1758133739.526783	0.000000
144.000000	0.212402	-0.007019	0.994019	0.441084	2.437176	-1.241016	1758133739.542424	0.000000
144.000000	0.204590	-0.016663	0.989319	-0.022428	2.534364	-0.515844	1758133739.558066	0.000000
144.000000	0.204224	-0.016541	0.986389	-0.553224	2.302608	0.269136	1758133739.573708	0.000000
145.000000	0.204590	-0.018433	0.980713	-0.777504	1.450344	0.912072	1758133739.592356	0.000000
145.000000	0.205017	-0.016296	0.982666	-0.530796	0.934500	1.218588	1758133739.611006	0.000000
145.000000	0.206360	-0.018188	0.987000	-0.231756	0.941976	1.128876	1758133739.629654	0.000000
146.000000	0.217163	-0.001892	0.992615	-0.104664	0.986832	0.553224	1758133739.649808	0.000000
146.000000	0.223755	-0.006104	0.989502	0.089712	0.059808	0.059808	1758133739.669962	0.000000
146.000000	0.212036	-0.006653	0.994934	0.261660	-0.979356	-0.029904	1758133739.690115	0.000000
147.000000	0.217163	-0.001892	0.992615	0.508368	-1.031688	-0.037380	1758133739.709949	0.000000
147.000000	0.223755	-0.006104	0.989502	0.456036	-0.089712	0.112140	1758133739.729783	0.000000
147.000000	0.212036	-0.006653	0.994934	0.231756	0.829836	-0.299040	1758133739.749617	0.000000
148.000000	0.205078	-0.010742	0.994263	-0.254184	1.420440	-0.366324	1758133739.769811	0.000000
148.000000	0.205017	-0.012024	0.989624	-0.276612	1.958712	-0.613032	1758133739.790004	0.000000
148.000000	0.203979	-0.010681	0.984619	-0.456036	2.960496	-0.306516	1758133739.810198	0.000000
149.000000	0.195190	-0.016541	0.987854	-0.882168	3.461388	-0.089712	1758133739.825681	0.000000
149.000000	0.196106	-0.007446	0.989197	-1.054116	2.287656	0.089712	1758133739.841164	0.000000
149.000000	0.196228	-0.013489	0.986206	-1.076544	1.383060	-0.097188	1758133739.856646	0.000000
150.000000	0.197876	-0.012756	0.973938	-1.046640	1.487724	-0.313992	1758133739.876731	0.000000
150.000000	0.211731	-0.009155	0.984985	-0.867216	1.405488	-0.829836	1758133739.896815	0.000000
150.000000	0.208008	-0.007690	0.998413	-0.777504	0.463512	-0.725172	1758133739.916899	0.000000
151.000000	0.210266	-0.005554	0.998718	-1.846572	-0.082236	1.906380	1758133739.932522	0.000000
151.000000	0.209900	-0.006287	0.993530	-5.083680	1.353156	6.668592	1758133739.948145	0.000000
151.000000	0.190674	-0.019775	0.984009	-7.640472	2.467080	9.143148	1758133739.963768	0.000000
152.000000	0.152588	-0.043457	0.970581	-8.350692	3.558576	10.593492	1758133739.987527	0.000000
152.000000	0.168335	-0.032410	0.966858	-7.782516	6.249936	9.823464	1758133740.011286	0.000000
152.000000	0.166748	-0.010925	0.984009	-6.668592	8.582448	7.363860	1758133740.035045	0.000000
153.000000	0.177368	-0.002502	0.996460	-5.427576	5.098632	6.130320	1758133740.050817	0.000000
153.000000	0.204712	0.023987	0.997314	-0.837312	-4.336080	7.700280	1758133740.066588	0.000000
153.000000	0.204468	0.020935	0.964905	4.777164	-12.948432	14.122164	1758133740.082360	0.000000
154.000000	0.237305	0.029785	0.985779	12.200832	-19.183416	23.392404	1758133740.101729	0.000000
154.000000	0.236816	0.046448	1.058167	18.144252	-26.180952	41.118000	1758133740.121099	0.000000
154.000000	0.248230	0.058777	1.098938	19.714212	-30.920736	61.363008	1758133740.140469	0.000000
155.000000	0.192810	0.045105	1.071411	22.570044	-31.249680	77.959728	1758133740.165440	0.000000
155.000000	0.129089	0.022278	1.099426	18.742332	-23.661540	99.094380	1758133740.190410	0.000000
155.000000	0.117920	0.050659	1.014893	12.843768	-14.211876	114.793980	1758133740.215380	0.000000
156.000000	-0.016724	-0.003540	1.026672	7.072296	-5.846232	126.568680	1758133740.225513	0.000000
156.000000	-0.106140	-0.037537	0.949219	3.110016	-8.036700	140.227332	1758133740.235646	0.000000
156.000000	-0.087708	-0.014404	0.897705	-0.687792	-20.701044	152.630016	1758133740.245778	0.000000
157.000000	-0.129944	-0.050659	0.888672	-3.289440	-26.704272	153.915888	1758133740.265563	0.000000
157.000000	-0.087219	-0.030518	0.854370	-2.354940	-26.554752	152.039412	1758133740.285347	0.000000
157.000000	0.060242	0.056580	0.939026	-4.889304	-24.513804	151.381524	1758133740.305131	0.000000
158.000000	0.161194	0.160217	1.005127	-4.418316	-18.607764	135.652020	1758133740.325885	0.000000
158.000000	0.103149	0.146729	1.049133	-0.463512	-9.001104	118.935684	1758133740.346638	0.000000
158.000000	0.231201	0.242798	1.068176	3.588480	1.001784	111.220452	1758133740.367392	0.000000
159.000000	0.226196	0.197266	1.072144	2.414748	9.494520	105.172368	1758133740.382954	0.000000
159.000000	0.110962	0.108276	1.096252	2.182992	15.482796	92.104320	1758133740.398517	0.000000
159.000000	0.014709	0.077881	1.061768	2.564268	14.705292	87.058020	1758133740.414080	0.000000
160.000000	0.100342	0.114441	0.955872	0.695268	6.608784	87.551436	1758133740.432904	0.000000
160.000000	0.083435	0.084106	0.932556	1.001784	4.231416	78.273720	1758133740.451727	0.000000
160.000000	0.036194	0.026855	0.902588	3.035256	3.453912	68.502588	1758133740.470551	0.000000
161.000000	0.181091	0.082825	1.051697	5.719140	-1.495200	62.551692	1758133740.490443	0.000000
161.000000	0.194092	0.101196	1.063599	6.092940	-4.552884	57.251208	1758133740.510335	0.000000
161.000000	0.177063	0.071899	1.062866	7.505904	-3.184776	46.261488	1758133740.530228	0.000000
162.000000	0.181091	0.082825	1.051697	8.275932	0.037380	34.770876	1758133740.550155	0.000000
162.000000	0.194092	0.101196	1.063599	7.984368	2.310084	24.947412	1758133740.570082	0.000000
162.000000	0.177063	0.071899	1.062866	6.855492	4.463172	19.026420	1758133740.590009	0.000000
163.000000	0.138123	0.029175	0.995850	3.618384	8.552544	16.574292	1758133740.610553	0.000000
163.000000	0.093262	0.010071	0.986755	-1.390536	15.004332	14.383824	1758133740.631097	0.000000
163.000000	0.037720	-0.027405	0.970276	-4.552884	15.677172	11.228952	1758133740.651640	0.000000
164.000000	0.038574	-0.009094	0.970886	-2.900688	6.945204	8.679636	1758133740.667441	0.000000
164.000000	0.053955	-0.000183	0.970947	0.919548	0.956928	7.393764	1758133740.683242	0.000000
164.000000	0.127686	0.052063	0.944458	4.889304	-1.315776	4.253844	1758133740.699043	0.000000
165.000000	0.124756	0.086365	1.043762	8.163792	-1.876476	0.463512	1758133740.717795	0.000000
165.000000	0.082397	0.057068	1.022461	9.681420	-1.405488	-1.472772	1758133740.736548	0.000000
165.000000	0.067810	0.046753	1.000732	9.479568	2.444652	-3.409056	1758133740.755301	0.000000
166.000000	0.124756	0.086365	1.043762	7.625520	7.700280	-5.943420	1758133740.775250	0.000000
166.000000	0.082397	0.057068	1.022461	4.979016	11.841984	-8.096508	1758133740.795200	0.000000
166.000000	0.067810	0.046753	1.000732	1.869000	14.690340	-8.066604	1758133740.815150	0.000000
167.000000	0.043884	0.006287	0.956543	-1.809192	16.626624	-4.365984	1758133740.835145	0.000000
167.000000	0.020203	-0.001709	0.947144	-5.068728	14.114688	-0.261660	1758133740.855141	0.000000
167.000000	0.017883	-0.041992	0.940674	-5.696712	6.930252	1.771812	1758133740.875136	0.000000
168.000000	0.016724	-0.035339	0.942139	-3.917424	-1.398012	2.556792	1758133740.895149	0.000000
168.000000	0.089966	-0.007568	0.951721	-0.583128	-5.464956	2.287656	1758133740.915162	0.000000
168.000000	0.149719	0.032654	1.004150	3.184776	-6.384504	2.108232	1758133740.935174	0.000000
169.000000	0.171387	0.062622	1.068237	5.173392	-6.302268	1.652196	1758133740.950896	0.000000
169.000000	0.162415	0.080505	1.090820	5.233200	-5.592048	-0.052332	1758133740.966618	0.000000
169.000000	0.140991	0.061096	1.083618	3.506244	-1.555008	-2.504460	1758133740.982340	0.000000
170.000000	0.057312	0.021545	0.989136	0.732648	4.306176	-6.107892	1758133741.001623	0.000000
170.000000	0.050781	0.018921	0.959961	-1.861524	9.240336	-9.711324	1758133741.020906	0.000000
170.000000	0.026001	0.017761	0.949402	-3.655764	11.079432	-11.214000	1758133741.040190	0.000000
171.000000	0.057312	0.021545	0.989136	-4.395888	10.862628	-8.694588	1758133741.065345	0.000000
171.000000	0.050781	0.018921	0.959961	-4.500552	9.322572	-4.253844	1758133741.090499	0.000000
171.000000	0.026001	0.017761	0.949402	-4.066944	5.913516	0.575652	1758133741.115654	0.000000
172.000000	0.077148	0.056274	1.046631	-2.130660	0.530796	4.709880	1758133741.135506	0.000000
172.000000	0.096069	0.063232	1.047485	0.104664	-2.369892	7.991844	1758133741.155358	0.000000
172.000000	0.095703	0.056274	1.025269	1.577436	-4.096848	9.815988	1758133741.175210	0.000000
173.000000	0.077148	0.056274	1.046631	2.429700	-4.283748	9.599184	1758133741.185929	0.000000
173.000000	0.096069	0.063232	1.047485	2.541840	-2.713788	8.761872	1758133741.196647	0.000000
173.000000	0.095703	0.056274	1.025269	2.070852	-0.530796	7.767564	1758133741.207366	0.000000
174.000000	0.095459	0.052429	1.025940	0.844788	1.801716	6.885396	1758133741.226463	0.000000
174.000000	0.082642	0.041687	1.011658	-0.254184	3.386628	5.734092	1758133741.245560	0.000000
174.000000	0.072815	0.030945	1.005188	-2.033472	4.403364	6.167700	1758133741.264656	0.000000
175.000000	0.070068	0.018372	0.994019	-3.065160	4.500552	6.474216	1758133741.284825	0.000000
175.000000	0.072754	0.009460	0.990845	-3.865092	4.313652	6.608784	1758133741.304993	0.000000
175.000000	0.068542	0.009399	0.996399	-4.403364	3.581004	6.459264	1758133741.325162	0.000000
